Workbook

Sheet Project Info
B1: PROJECT EXECUTION – GANTT CHART
B2: Project Info › Tasks › Gantt › Holidays – everything is linked; fill the yellow cells only
B4: PROJECT DETAILS | E4: SCHEDULE HEALTH (auto-calculated)
B5: Project Name | C5: 1.8M C-Band Antenna System – 500 Sets | E5: Planned Finish (baseline) | F5: =IF(COUNT(Tasks!$R$11:$R$310)=0,"",MAX(Tasks!$R$11:$R$310)) -> 46500
B6: Client Name | C6: <Client name> | E6: Forecast Finish (incl. delays) | F6: =IF(COUNT(Tasks!$T$11:$T$310)=0,"",MAX(Tasks!$T$11:$T$310)) -> 46500
B7: Project Manager | C7: <Project manager> | E7: Target Completion Date | F7: =IF(C10="","",C10) -> 46500
B8: Project Code / Reference | C8: PRJ-2026-001 | E8: Delay vs TARGET (working days) | F8: =IF(OR(F6="",F7=""),"",IF(F6>=F7,NETWORKDAYS.INTL(F7,F6,'Project Info'!$H$12,Holidays!$A$6:$A$205)-1,-(NETWORKDAYS.INTL(F6,F7,'Project Info'!$H$12,Holidays!$A$6:$A$205)-1))) -> 0
B9: Project Start Date | C9: 46310 | E9: Delay vs PLAN (working days) | F9: =IF(OR(F5="",F6=""),"",IF(F6>=F5,NETWORKDAYS.INTL(F5,F6,'Project Info'!$H$12,Holidays!$A$6:$A$205)-1,-(NETWORKDAYS.INTL(F6,F5,'Project Info'!$H$12,Holidays!$A$6:$A$205)-1))) -> 0
B10: Target Completion Date | C10: 46500 | E10: Overall % Complete (duration weighted) | F10: =IF(SUM(Tasks!$J$11:$J$310)=0,"",SUM(Tasks!$AH$11:$AH$310)/SUM(Tasks!$J$11:$J$310)) -> 0
B11: Status (Report) Date | C11: =TODAY() -> 46303 | E11: Calendar days late vs Target | F11: =IF(OR(F6="",F7=""),"",F6-F7) -> 0
B12: Weekly Off | C12: Sunday only | H12: =IF(C12="Sunday only",11,IF(C12="Friday & Saturday",7,1)) -> 11
B13: Gantt View (set on Gantt sheet) | C13: =Gantt!B2 -> Week
B15: =IF(F8="","Add tasks on the Tasks sheet to see project health",IF(F8>0,"⚠ PROJECT DELAYED: forecast finish "&TEXT(F6,"dd-mmm-yyyy")&" is "&F8&" working day(s) after target "&TEXT(F7,"dd-mmm-yyyy"),IF(F9>0,"⚡ AT RISK: within target, but forecast finish is "&F9&" working day(s) later than plan","✔ ON TRACK: forecast finish "&TEXT(F6,"dd-mmm-yyyy")&" meets target "&TEXT(F7,"dd-mmm-yyyy")))) -> ✔ ON TRACK: forecast finish 23-Apr-2027 meets target 23-Apr-2027
B17: STATUS BY COMPONENT (tasks whose name starts with the text in column B)
B18: Component (name prefix) | C18: Planned Finish | E18: Forecast Finish | F18: Delay vs Plan (wd) | G18: % Complete
B19: REFLECTOR | C19: =IF(OR($B19="",COUNTIF(Tasks!$B$11:$B$310,$B19&"*")=0),"",SUMPRODUCT(MAX((LEFT(Tasks!$B$11:$B$310,LEN($B19))=$B19)*Tasks!$AI$11:$AI$310))) -> 46450 | E19: =IF(OR($B19="",COUNTIF(Tasks!$B$11:$B$310,$B19&"*")=0),"",SUMPRODUCT(MAX((LEFT(Tasks!$B$11:$B$310,LEN($B19))=$B19)*Tasks!$AJ$11:$AJ$310))) -> 46450 | F19: =IF(OR(C19="",E19=""),"",IF(E19>=C19,NETWORKDAYS.INTL(C19,E19,'Project Info'!$H$12,Holidays!$A$6:$A$205)-1,-(NETWORKDAYS.INTL(E19,C19,'Project Info'!$H$12,Holidays!$A$6:$A$205)-1))) -> 0 | G19: =IF(OR($B19="",SUMIFS(Tasks!$J$11:$J$310,Tasks!$B$11:$B$310,$B19&"*")=0),"",SUMIFS(Tasks!$AH$11:$AH$310,Tasks!$B$11:$B$310,$B19&"*")/SUMIFS(Tasks!$J$11:$J$310,Tasks!$B$11:$B$310,$B19&"*")) -> 0
B20: FEED | C20: =IF(OR($B20="",COUNTIF(Tasks!$B$11:$B$310,$B20&"*")=0),"",SUMPRODUCT(MAX((LEFT(Tasks!$B$11:$B$310,LEN($B20))=$B20)*Tasks!$AI$11:$AI$310))) -> 46500 | E20: =IF(OR($B20="",COUNTIF(Tasks!$B$11:$B$310,$B20&"*")=0),"",SUMPRODUCT(MAX((LEFT(Tasks!$B$11:$B$310,LEN($B20))=$B20)*Tasks!$AJ$11:$AJ$310))) -> 46500 | F20: =IF(OR(C20="",E20=""),"",IF(E20>=C20,NETWORKDAYS.INTL(C20,E20,'Project Info'!$H$12,Holidays!$A$6:$A$205)-1,-(NETWORKDAYS.INTL(E20,C20,'Project Info'!$H$12,Holidays!$A$6:$A$205)-1))) -> 0 | G20: =IF(OR($B20="",SUMIFS(Tasks!$J$11:$J$310,Tasks!$B$11:$B$310,$B20&"*")=0),"",SUMIFS(Tasks!$AH$11:$AH$310,Tasks!$B$11:$B$310,$B20&"*")/SUMIFS(Tasks!$J$11:$J$310,Tasks!$B$11:$B$310,$B20&"*")) -> 0
B21: METAL | C21: =IF(OR($B21="",COUNTIF(Tasks!$B$11:$B$310,$B21&"*")=0),"",SUMPRODUCT(MAX((LEFT(Tasks!$B$11:$B$310,LEN($B21))=$B21)*Tasks!$AI$11:$AI$310))) -> 46403 | E21: =IF(OR($B21="",COUNTIF(Tasks!$B$11:$B$310,$B21&"*")=0),"",SUMPRODUCT(MAX((LEFT(Tasks!$B$11:$B$310,LEN($B21))=$B21)*Tasks!$AJ$11:$AJ$310))) -> 46403 | F21: =IF(OR(C21="",E21=""),"",IF(E21>=C21,NETWORKDAYS.INTL(C21,E21,'Project Info'!$H$12,Holidays!$A$6:$A$205)-1,-(NETWORKDAYS.INTL(E21,C21,'Project Info'!$H$12,Holidays!$A$6:$A$205)-1))) -> 0 | G21: =IF(OR($B21="",SUMIFS(Tasks!$J$11:$J$310,Tasks!$B$11:$B$310,$B21&"*")=0),"",SUMIFS(Tasks!$AH$11:$AH$310,Tasks!$B$11:$B$310,$B21&"*")/SUMIFS(Tasks!$J$11:$J$310,Tasks!$B$11:$B$310,$B21&"*")) -> 0
B23: TASK STATISTICS | E23: HOW TO USE
B24: Total Tasks | C24: =COUNTIF(Tasks!$B$11:$B$310,"?*") -> 30 | E24: 1. Fill the yellow Project Details: start / target / report date and the Weekly Off.
B25: Completed | C25: =COUNTIF(Tasks!$AE$11:$AE$310,"Completed") -> 0 | E25: 2. Holidays sheet: list non-working dates.
B26: In Progress | C26: =COUNTIF(Tasks!$AE$11:$AE$310,"In Progress") -> 0 | E26: 3. Tasks sheet: Task Name + Duration (working days) + predecessor ID(s). Link FS = after predecessor ends (default); SS = starts n days after it starts; FF = ends n days after it ends. Lag in working days.
B27: Not Started / On Hold | C27: =COUNTIF(Tasks!$AE$11:$AE$310,"Not Started")+COUNTIF(Tasks!$AE$11:$AE$310,"On Hold") -> 30 | E27: 4. Update progress: Status, Actual Start/End, % Complete. Use Revised Duration when you expect an overshoot.
B28: Tasks Overshooting Duration | C28: =COUNTIF(Tasks!$V$11:$V$310,">0") -> 0 | E28: 5. Gantt sheet: pick Day / Week / Month in cell B2; scroll the timeline with C2.
B29: Tasks Affected by Others' Delay | C29: =COUNTIF(Tasks!$Y$11:$Y$310,"Delayed*") -> 0 | E29: 6. 300 task rows are pre-built; copy the last row down to add more.
B30: Largest Overshoot (task) | C30: =IF(MAX(Tasks!$V$11:$V$310)<=0,"None",INDEX(Tasks!$B$11:$B$310,MATCH(MAX(Tasks!$V$11:$V$310),Tasks!$V$11:$V$310,0))&" (+"&MAX(Tasks!$V$11:$V$310)&" d)") -> None | E30: 7. Avoid circular links (A waits for B and B waits for A).
B31: Total Planned Task-Days | C31: =SUM(Tasks!$J$11:$J$310) -> 432 | E31: Yellow cells = input · white cells = formulas (do not overwrite).
B33: COLOUR LEGEND
B34: Completed | C34: Task finished (bar portion within planned duration)
B35: In Progress | C35: Task started, not finished
B36: Not Started | C36: Scheduled, not yet begun
B37: On Hold | C37: Task paused
B38: Overshoot | C38: Time used beyond the planned DURATION (task ran / is expected to run over)
B39: Delayed / Affected | C39: Start pushed out by a late predecessor or by the status date (see 'Impact' column)
B40: Planned (not used) | C40: Planned time no longer used (finished early / started late)
B41: Weekly off | C41: Weekly-off day (Day view)
B42: Holiday | C42: Dates from the Holidays sheet (pink header in Week/Month view = holiday inside period)
B43: Status Date | C43: Column of the report date set above
B44: ▶ Start | C44: First day of a task with no predecessor
B45: ↳ Dependent start | C45: First day of a task that waits for a predecessor
... B48: ◆ Start = End | C48: Task starts and ends in the same period

Sheet Tasks
A1: ="TASK LIST – "&'Project Info'!C5&" | Client: "&'Project Info'!C6 -> TASK LIST – 1.8M C-Band Antenna System – 500 Sets | Client: <Client name>
A2: Type in the YELLOW cells only. Link: FS = starts after predecessor ends (blank = FS) · SS = starts n days after it starts · FF = ends n days after it ends. Lag / duration are WORKING days (weekly-off & holidays skipped).
A4: ='Project Info'!$B$15 -> ✔ ON TRACK: forecast finish 23-Apr-2027 meets target 23-Apr-2027
A5: ="Planned finish: "&IF('Project Info'!F5="","-",TEXT('Project Info'!F5,"dd-mmm-yy"))&" | Forecast finish: "&IF('Project Info'!F6="","-",TEXT('Project Info'!F6,"dd-mmm-yy"))&" | Target: "&IF('Project Info'!F7="","-",TEXT('Project Info'!F7,"dd-mmm-yy"))&" | Overall progress: "&IF('Project Info'!F10="","-",TEXT('Project Info'!F10,"0%"))&" | Status date: "&IF('Project Info'!$C$11="","-",TEXT('Project Info'!$C$11,"dd-mmm-yy")) -> Planned finish: 23-Apr-27 | Forecast finish: 23-Apr-27 | Target: 23-Apr-27 | Overall progress: 0% | Status date: 08-Oct-26
A9: ① TASK ENTRY | L9: ② STATUS UPDATE | Q9: ③ SCHEDULE & ANALYSIS (automatic) | AA9: helper
A10: ID | B10: Task Name | C10: Owner | D10: Pred. 1 (ID) | E10: Link 1 (FS/SS/FF) | F10: Lag 1 (days) | G10: Pred. 2 (ID) | H10: Link 2 (FS/SS/FF) | I10: Lag 2 (days) | J10: Duration (work days) | K10: Start No Earlier Than (optional) | L10: Status | M10: Actual Start | N10: Actual End | O10: % Complete | P10: Revised Duration (if overshoot) | Q10: Planned Start | R10: Planned End | S10: Forecast / Actual Start | T10: Forecast / Actual End | U10: Forecast / Actual Duration | V10: Duration Variance (days) | W10: Duration Status | X10: End Slip vs Plan (days) | Y10: Impact (affected by) | Z10: No. of Dependent Links | AA10: class | AB10: has pred | AC10: pred1 slip | AD10: pred2 slip | AE10: eff status | AF10: eff % | AG10: end if no overshoot | AH10: weighted done | AI10: planned end (num) | AJ10: fcst end (num)
A11: =IF($B11="","",ROW()-10) -> 1 | B11: REFLECTOR | Finalize 1.8M mold design | C11: Design | J11: 7 | L11: Not Started | Q11: =IF(OR($B11="",'Project Info'!$C$9=""),"",WORKDAY.INTL(MAX('Project Info'!$C$9,N($K11),IF($D11="",0,N(IFERROR(IF($E11="SS",WORKDAY.INTL(INDEX($Q$11:$Q$310,MATCH($D11,$A$11:$A$310,0)),N($F11),'Project Info'!$H$12,Holidays!$A$6:$A$205),IF($E11="FF",WORKDAY.INTL(INDEX($R$11:$R$310,MATCH($D11,$A$11:$A$310,0)),N($F11)-MAX(1,N($J11))+1,'Project Info'!$H$12,Holidays!$A$6:$A$205),WORKDAY.INTL(INDEX($R$11:$R$310,MATCH($D11,$A$11:$A$310,0)),1+N($F11),'Project Info'!$H$12,Holidays!$A$6:$A$205))),0))),IF($G11="",0,N(IFERROR(IF($H11="SS",WORKDAY.INTL(INDEX($Q$11:$Q$310,MATCH($G11,$A$11:$A$310,0)),N($I11),'Project Info'!$H$12,Holidays!$A$6:$A$205),IF($H11="FF",WORKDAY.INTL(INDEX($R$11:$R$310,MATCH($G11,$A$11:$A$310,0)),N($I11)-MAX(1,N($J11))+1,'Project Info'!$H$12,Holidays!$A$6:$A$205),WORKDAY.INTL(INDEX($R$11:$R$310,MATCH($G11,$A$11:$A$310,0)),1+N($I11),'Project Info'!$H$12,Holidays!$A$6:$A$205))),0))))-1,1,'Project Info'!$H$12,Holidays!$A$6:$A$205)) -> 46310 | R11: =IF(OR($Q11="",NOT(ISNUMBER($J11))),"",WORKDAY.INTL($Q11,MAX(1,$J11)-1,'Project Info'!$H$12,Holidays!$A$6:$A$205)) -> 46318 | S11: =IF($Q11="","",IF(ISNUMBER($M11),$M11,WORKDAY.INTL(MAX($Q11,IF($D11="",0,N(IFERROR(IF($E11="SS",WORKDAY.INTL(INDEX($S$11:$S$310,MATCH($D11,$A$11:$A$310,0)),N($F11),'Project Info'!$H$12,Holidays!$A$6:$A$205),IF($E11="FF",WORKDAY.INTL(INDEX($T$11:$T$310,MATCH($D11,$A$11:$A$310,0)),N($F11)-MAX(1,IF(ISNUMBER($P11),$P11,N($J11)))+1,'Project Info'!$H$12,Holidays!$A$6:$A$205),WORKDAY.INTL(INDEX($T$11:$T$310,MATCH($D11,$A$11:$A$310,0)),1+N($F11),'Project Info'!$H$12,Holidays!$A$6:$A$205))),0))),IF($G11="",0,N(IFERROR(IF($H11="SS",WORKDAY.INTL(INDEX($S$11:$S$310,MATCH($G11,$A$11:$A$310,0)),N($I11),'Project Info'!$H$12,Holidays!$A$6:$A$205),IF($H11="FF",WORKDAY.INTL(INDEX($T$11:$T$310,MATCH($G11,$A$11:$A$310,0)),N($I11)-MAX(1,IF(ISNUMBER($P11),$P11,N($J11)))+1,'Project Info'!$H$12,Holidays!$A$6:$A$205),WORKDAY.INTL(INDEX($T$11:$T$310,MATCH($G11,$A$11:$A$310,0)),1+N($I11),'Project Info'!$H$12,Holidays!$A$6:$A$205))),0))),IF($AE11="Completed",0,N('Project Info'!$C$11)))-1,1,'Project Info'!$H$12,Holidays!$A$6:$A$205))) -> 46310 | T11: =IF(OR($S11="",$U11=""),"",IF(ISNUMBER($N11),$N11,WORKDAY.INTL($S11,$U11-1,'Project Info'!$H$12,Holidays!$A$6:$A$205))) -> 46318 | U11: =IF(OR($S11="",NOT(ISNUMBER($J11))),"",IF(ISNUMBER($N11),MAX(1,NETWORKDAYS.INTL($S11,$N11,'Project Info'!$H$12,Holidays!$A$6:$A$205)),MAX(1,IF(ISNUMBER($P11),$P11,$J11),IF(ISNUMBER($M11),NETWORKDAYS.INTL($M11,N('Project Info'!$C$11),'Project Info'!$H$12,Holidays!$A$6:$A$205),0)))) -> 7 | V11: =IF($U11="","",$U11-MAX(1,$J11)) -> 0 | W11: =IF($B11="","",IF($U11="","Enter Duration",IF($AE11="Completed",IF(NOT(ISNUMBER($N11)),"Completed - enter Actual End",IF($V11>0,"Completed - Overshoot",IF($V11<0,"Completed - Early","Completed - On Time"))),IF($AE11="On Hold","On Hold",IF($AE11="In Progress",IF($V11>0,"In Progress - Overshooting","In Progress - On Track"),IF($S11>$Q11,"Delayed Start","Not Started")))))) -> Not Started | X11: =IF(OR(NOT(ISNUMBER($R11)),NOT(ISNUMBER($T11))),"",IF($T11>=$R11,NETWORKDAYS.INTL($R11,$T11,'Project Info'!$H$12,Holidays!$A$6:$A$205)-1,-(NETWORKDAYS.INTL($T11,$R11,'Project Info'!$H$12,Holidays!$A$6:$A$205)-1))) -> 0 | Y11: =IF($B11="","",IF(AND(MAX($AC11,$AD11)>0,N($S11)>N($Q11)),"Delayed by Task #"&IF($AC11>=$AD11,$D11,$G11)&" (+"&MAX($AC11,$AD11)&"d)","")) | Z11: =IF($B11="","",COUNTIF($D$11:$D$310,$A11)+COUNTIF($G$11:$G$310,$A11)) -> 1 | AA11: =IF($B11="","",IF($AE11="Completed",1,IF($AE11="On Hold",4,IF($AE11="In Progress",2,IF(N($S11)>N($Q11),7,3))))) -> 3 | AB11: =IF($B11="","",IF(OR(AND($D11<>"",ISNUMBER(MATCH($D11,$A$11:$A$310,0))),AND($G11<>"",ISNUMBER(MATCH($G11,$A$11:$A$310,0)))),1,0)) -> 0 | AC11: =IF($D11="",0,N(IFERROR(INDEX($X$11:$X$310,MATCH($D11,$A$11:$A$310,0)),0))) -> 0 | AD11: =IF($G11="",0,N(IFERROR(INDEX($X$11:$X$310,MATCH($G11,$A$11:$A$310,0)),0))) -> 0 | AE11: =IF($B11="","",IF(ISNUMBER($N11),"Completed",IF($L11="Completed","Completed",IF($L11<>"",$L11,IF(ISNUMBER($M11),"In Progress","Not Started"))))) -> Not Started | AF11: =IF($B11="","",IF($AE11="Completed",1,MIN(1,N($O11)))) -> 0 | AG11: =IF(OR($S11="",NOT(ISNUMBER($J11))),"",WORKDAY.INTL($S11,MAX(1,$J11)-1,'Project Info'!$H$12,Holidays!$A$6:$A$205)) -> 46318 | AH11: =IF($B11="","",N($J11)*$AF11) -> 0 | AI11: =IF(ISNUMBER($R11),$R11,0) -> 46318 | AJ11: =IF(ISNUMBER($T11),$T11,0) -> 46318
A12: =IF($B12="","",ROW()-10) -> 2 | B12: REFLECTOR | Mold manufacturing | C12: Tooling | D12: 1 | E12: FS | F12: 0 | J12: 70 | L12: Not Started | Q12: =IF(OR($B12="",'Project Info'!$C$9=""),"",WORKDAY.INTL(MAX('Project Info'!$C$9,N($K12),IF($D12="",0,N(IFERROR(IF($E12="SS",WORKDAY.INTL(INDEX($Q$11:$Q$310,MATCH($D12,$A$11:$A$310,0)),N($F12),'Project Info'!$H$12,Holidays!$A$6:$A$205),IF($E12="FF",WORKDAY.INTL(INDEX($R$11:$R$310,MATCH($D12,$A$11:$A$310,0)),N($F12)-MAX(1,N($J12))+1,'Project Info'!$H$12,Holidays!$A$6:$A$205),WORKDAY.INTL(INDEX($R$11:$R$310,MATCH($D12,$A$11:$A$310,0)),1+N($F12),'Project Info'!$H$12,Holidays!$A$6:$A$205))),0))),IF($G12="",0,N(IFERROR(IF($H12="SS",WORKDAY.INTL(INDEX($Q$11:$Q$310,MATCH($G12,$A$11:$A$310,0)),N($I12),'Project Info'!$H$12,Holidays!$A$6:$A$205),IF($H12="FF",WORKDAY.INTL(INDEX($R$11:$R$310,MATCH($G12,$A$11:$A$310,0)),N($I12)-MAX(1,N($J12))+1,'Project Info'!$H$12,Holidays!$A$6:$A$205),WORKDAY.INTL(INDEX($R$11:$R$310,MATCH($G12,$A$11:$A$310,0)),1+N($I12),'Project Info'!$H$12,Holidays!$A$6:$A$205))),0))))-1,1,'Project Info'!$H$12,Holidays!$A$6:$A$205)) -> 46319 | R12: =IF(OR($Q12="",NOT(ISNUMBER($J12))),"",WORKDAY.INTL($Q12,MAX(1,$J12)-1,'Project Info'!$H$12,Holidays!$A$6:$A$205)) -> 46406 | S12: =IF($Q12="","",IF(ISNUMBER($M12),$M12,WORKDAY.INTL(MAX($Q12,IF($D12="",0,N(IFERROR(IF($E12="SS",WORKDAY.INTL(INDEX($S$11:$S$310,MATCH($D12,$A$11:$A$310,0)),N($F12),'Project Info'!$H$12,Holidays!$A$6:$A$205),IF($E12="FF",WORKDAY.INTL(INDEX($T$11:$T$310,MATCH($D12,$A$11:$A$310,0)),N($F12)-MAX(1,IF(ISNUMBER($P12),$P12,N($J12)))+1,'Project Info'!$H$12,Holidays!$A$6:$A$205),WORKDAY.INTL(INDEX($T$11:$T$310,MATCH($D12,$A$11:$A$310,0)),1+N($F12),'Project Info'!$H$12,Holidays!$A$6:$A$205))),0))),IF($G12="",0,N(IFERROR(IF($H12="SS",WORKDAY.INTL(INDEX($S$11:$S$310,MATCH($G12,$A$11:$A$310,0)),N($I12),'Project Info'!$H$12,Holidays!$A$6:$A$205),IF($H12="FF",WORKDAY.INTL(INDEX($T$11:$T$310,MATCH($G12,$A$11:$A$310,0)),N($I12)-MAX(1,IF(ISNUMBER($P12),$P12,N($J12)))+1,'Project Info'!$H$12,Holidays!$A$6:$A$205),WORKDAY.INTL(INDEX($T$11:$T$310,MATCH($G12,$A$11:$A$310,0)),1+N($I12),'Project Info'!$H$12,Holidays!$A$6:$A$205))),0))),IF($AE12="Completed",0,N('Project Info'!$C$11)))-1,1,'Project Info'!$H$12,Holidays!$A$6:$A$205))) -> 46319 | T12: =IF(OR($S12="",$U12=""),"",IF(ISNUMBER($N12),$N12,WORKDAY.INTL($S12,$U12-1,'Project Info'!$H$12,Holidays!$A$6:$A$205))) -> 46406 | U12: =IF(OR($S12="",NOT(ISNUMBER($J12))),"",IF(ISNUMBER($N12),MAX(1,NETWORKDAYS.INTL($S12,$N12,'Project Info'!$H$12,Holidays!$A$6:$A$205)),MAX(1,IF(ISNUMBER($P12),$P12,$J12),IF(ISNUMBER($M12),NETWORKDAYS.INTL($M12,N('Project Info'!$C$11),'Project Info'!$H$12,Holidays!$A$6:$A$205),0)))) -> 70 | V12: =IF($U12="","",$U12-MAX(1,$J12)) -> 0 | W12: =IF($B12="","",IF($U12="","Enter Duration",IF($AE12="Completed",IF(NOT(ISNUMBER($N12)),"Completed - enter Actual End",IF($V12>0,"Completed - Overshoot",IF($V12<0,"Completed - Early","Completed - On Time"))),IF($AE12="On Hold","On Hold",IF($AE12="In Progress",IF($V12>0,"In Progress - Overshooting","In Progress - On Track"),IF($S12>$Q12,"Delayed Start","Not Started")))))) -> Not Started | X12: =IF(OR(NOT(ISNUMBER($R12)),NOT(ISNUMBER($T12))),"",IF($T12>=$R12,NETWORKDAYS.INTL($R12,$T12,'Project Info'!$H$12,Holidays!$A$6:$A$205)-1,-(NETWORKDAYS.INTL($T12,$R12,'Project Info'!$H$12,Holidays!$A$6:$A$205)-1))) -> 0 | Y12: =IF($B12="","",IF(AND(MAX($AC12,$AD12)>0,N($S12)>N($Q12)),"Delayed by Task #"&IF($AC12>=$AD12,$D12,$G12)&" (+"&MAX($AC12,$AD12)&"d)","")) | Z12: =IF($B12="","",COUNTIF($D$11:$D$310,$A12)+COUNTIF($G$11:$G$310,$A12)) -> 1 | AA12: =IF($B12="","",IF($AE12="Completed",1,IF($AE12="On Hold",4,IF($AE12="In Progress",2,IF(N($S12)>N($Q12),7,3))))) -> 3 | AB12: =IF($B12="","",IF(OR(AND($D12<>"",ISNUMBER(MATCH($D12,$A$11:$A$310,0))),AND($G12<>"",ISNUMBER(MATCH($G12,$A$11:$A$310,0)))),1,0)) -> 1 | AC12: =IF($D12="",0,N(IFERROR(INDEX($X$11:$X$310,MATCH($D12,$A$11:$A$310,0)),0))) -> 0 | AD12: =IF($G12="",0,N(IFERROR(INDEX($X$11:$X$310,MATCH($G12,$A$11:$A$310,0)),0))) -> 0 | AE12: =IF($B12="","",IF(ISNUMBER($N12),"Completed",IF($L12="Completed","Completed",IF($L12<>"",$L12,IF(ISNUMBER($M12),"In Progress","Not Started"))))) -> Not Started | AF12: =IF($B12="","",IF($AE12="Completed",1,MIN(1,N($O12)))) -> 0 | AG12: =IF(OR($S12="",NOT(ISNUMBER($J12))),"",WORKDAY.INTL($S12,MAX(1,$J12)-1,'Project Info'!$H$12,Holidays!$A$6:$A$205)) -> 46406 | AH12: =IF($B12="","",N($J12)*$AF12) -> 0 | AI12: =IF(ISNUMBER($R12),$R12,0) -> 46406 | AJ12: =IF(ISNUMBER($T12),$T12,0) -> 46406
A13: =IF($B13="","",ROW()-10) -> 3 | B13: REFLECTOR | Reflector validation | C13: QA | D13: 2 | E13: FS | F13: 0 | J13: 7 | L13: Not Started | Q13: =IF(OR($B13="",'Project Info'!$C$9=""),"",WORKDAY.INTL(MAX('Project Info'!$C$9,N($K13),IF($D13="",0,N(IFERROR(IF($E13="SS",WORKDAY.INTL(INDEX($Q$11:$Q$310,MATCH($D13,$A$11:$A$310,0)),N($F13),'Project Info'!$H$12,Holidays!$A$6:$A$205),IF($E13="FF",WORKDAY.INTL(INDEX($R$11:$R$310,MATCH($D13,$A$11:$A$310,0)),N($F13)-MAX(1,N($J13))+1,'Project Info'!$H$12,Holidays!$A$6:$A$205),WORKDAY.INTL(INDEX($R$11:$R$310,MATCH($D13,$A$11:$A$310,0)),1+N($F13),'Project Info'!$H$12,Holidays!$A$6:$A$205))),0))),IF($G13="",0,N(IFERROR(IF($H13="SS",WORKDAY.INTL(INDEX($Q$11:$Q$310,MATCH($G13,$A$11:$A$310,0)),N($I13),'Project Info'!$H$12,Holidays!$A$6:$A$205),IF($H13="FF",WORKDAY.INTL(INDEX($R$11:$R$310,MATCH($G13,$A$11:$A$310,0)),N($I13)-MAX(1,N($J13))+1,'Project Info'!$H$12,Holidays!$A$6:$A$205),WORKDAY.INTL(INDEX($R$11:$R$310,MATCH($G13,$A$11:$A$310,0)),1+N($I13),'Project Info'!$H$12,Holidays!$A$6:$A$205))),0))))-1,1,'Project Info'!$H$12,Holidays!$A$6:$A$205)) -> 46407 | R13: =IF(OR($Q13="",NOT(ISNUMBER($J13))),"",WORKDAY.INTL($Q13,MAX(1,$J13)-1,'Project Info'!$H$12,Holidays!$A$6:$A$205)) -> 46414 | S13: =IF($Q13="","",IF(ISNUMBER($M13),$M13,WORKDAY.INTL(MAX($Q13,IF($D13="",0,N(IFERROR(IF($E13="SS",WORKDAY.INTL(INDEX($S$11:$S$310,MATCH($D13,$A$11:$A$310,0)),N($F13),'Project Info'!$H$12,Holidays!$A$6:$A$205),IF($E13="FF",WORKDAY.INTL(INDEX($T$11:$T$310,MATCH($D13,$A$11:$A$310,0)),N($F13)-MAX(1,IF(ISNUMBER($P13),$P13,N($J13)))+1,'Project Info'!$H$12,Holidays!$A$6:$A$205),WORKDAY.INTL(INDEX($T$11:$T$310,MATCH($D13,$A$11:$A$310,0)),1+N($F13),'Project Info'!$H$12,Holidays!$A$6:$A$205))),0))),IF($G13="",0,N(IFERROR(IF($H13="SS",WORKDAY.INTL(INDEX($S$11:$S$310,MATCH($G13,$A$11:$A$310,0)),N($I13),'Project Info'!$H$12,Holidays!$A$6:$A$205),IF($H13="FF",WORKDAY.INTL(INDEX($T$11:$T$310,MATCH($G13,$A$11:$A$310,0)),N($I13)-MAX(1,IF(ISNUMBER($P13),$P13,N($J13)))+1,'Project Info'!$H$12,Holidays!$A$6:$A$205),WORKDAY.INTL(INDEX($T$11:$T$310,MATCH($G13,$A$11:$A$310,0)),1+N($I13),'Project Info'!$H$12,Holidays!$A$6:$A$205))),0))),IF($AE13="Completed",0,N('Project Info'!$C$11)))-1,1,'Project Info'!$H$12,Holidays!$A$6:$A$205))) -> 46407 | T13: =IF(OR($S13="",$U13=""),"",IF(ISNUMBER($N13),$N13,WORKDAY.INTL($S13,$U13-1,'Project Info'!$H$12,Holidays!$A$6:$A$205))) -> 46414 | U13: =IF(OR($S13="",NOT(ISNUMBER($J13))),"",IF(ISNUMBER($N13),MAX(1,NETWORKDAYS.INTL($S13,$N13,'Project Info'!$H$12,Holidays!$A$6:$A$205)),MAX(1,IF(ISNUMBER($P13),$P13,$J13),IF(ISNUMBER($M13),NETWORKDAYS.INTL($M13,N('Project Info'!$C$11),'Project Info'!$H$12,Holidays!$A$6:$A$205),0)))) -> 7 | V13: =IF($U13="","",$U13-MAX(1,$J13)) -> 0 | W13: =IF($B13="","",IF($U13="","Enter Duration",IF($AE13="Completed",IF(NOT(ISNUMBER($N13)),"Completed - enter Actual End",IF($V13>0,"Completed - Overshoot",IF($V13<0,"Completed - Early","Completed - On Time"))),IF($AE13="On Hold","On Hold",IF($AE13="In Progress",IF($V13>0,"In Progress - Overshooting","In Progress - On Track"),IF($S13>$Q13,"Delayed Start","Not Started")))))) -> Not Started | X13: =IF(OR(NOT(ISNUMBER($R13)),NOT(ISNUMBER($T13))),"",IF($T13>=$R13,NETWORKDAYS.INTL($R13,$T13,'Project Info'!$H$12,Holidays!$A$6:$A$205)-1,-(NETWORKDAYS.INTL($T13,$R13,'Project Info'!$H$12,Holidays!$A$6:$A$205)-1))) -> 0 | Y13: =IF($B13="","",IF(AND(MAX($AC13,$AD13)>0,N($S13)>N($Q13)),"Delayed by Task #"&IF($AC13>=$AD13,$D13,$G13)&" (+"&MAX($AC13,$AD13)&"d)","")) | Z13: =IF($B13="","",COUNTIF($D$11:$D$310,$A13)+COUNTIF($G$11:$G$310,$A13)) -> 1 | AA13: =IF($B13="","",IF($AE13="Completed",1,IF($AE13="On Hold",4,IF($AE13="In Progress",2,IF(N($S13)>N($Q13),7,3))))) -> 3 | AB13: =IF($B13="","",IF(OR(AND($D13<>"",ISNUMBER(MATCH($D13,$A$11:$A$310,0))),AND($G13<>"",ISNUMBER(MATCH($G13,$A$11:$A$310,0)))),1,0)) -> 1 | AC13: =IF($D13="",0,N(IFERROR(INDEX($X$11:$X$310,MATCH($D13,$A$11:$A$310,0)),0))) -> 0 | AD13: =IF($G13="",0,N(IFERROR(INDEX($X$11:$X$310,MATCH($G13,$A$11:$A$310,0)),0))) -> 0 | AE13: =IF($B13="","",IF(ISNUMBER($N13),"Completed",IF($L13="Completed","Completed",IF($L13<>"",$L13,IF(ISNUMBER($M13),"In Progress","Not Started"))))) -> Not Started | AF13: =IF($B13="","",IF($AE13="Completed",1,MIN(1,N($O13)))) -> 0 | AG13: =IF(OR($S13="",NOT(ISNUMBER($J13))),"",WORKDAY.INTL($S13,MAX(1,$J13)-1,'Project Info'!$H$12,Holidays!$A$6:$A$205)) -> 46414 | AH13: =IF($B13="","",N($J13)*$AF13) -> 0 | AI13: =IF(ISNUMBER($R13),$R13,0) -> 46414 | AJ13: =IF(ISNUMBER($T13),$T13,0) -> 46414
A14: =IF($B14="","",ROW()-10) -> 4 | B14: REFLECTOR | Production (500 nos @ 35/day) | C14: Production | D14: 3 | E14: FS | F14: 0 | J14: 15 | L14: Not Started | Q14: =IF(OR($B14="",'Project Info'!$C$9=""),"",WORKDAY.INTL(MAX('Project Info'!$C$9,N($K14),IF($D14="",0,N(IFERROR(IF($E14="SS",WORKDAY.INTL(INDEX($Q$11:$Q$310,MATCH($D14,$A$11:$A$310,0)),N($F14),'Project Info'!$H$12,Holidays!$A$6:$A$205),IF($E14="FF",WORKDAY.INTL(INDEX($R$11:$R$310,MATCH($D14,$A$11:$A$310,0)),N($F14)-MAX(1,N($J14))+1,'Project Info'!$H$12,Holidays!$A$6:$A$205),WORKDAY.INTL(INDEX($R$11:$R$310,MATCH($D14,$A$11:$A$310,0)),1+N($F14),'Project Info'!$H$12,Holidays!$A$6:$A$205))),0))),IF($G14="",0,N(IFERROR(IF($H14="SS",WORKDAY.INTL(INDEX($Q$11:$Q$310,MATCH($G14,$A$11:$A$310,0)),N($I14),'Project Info'!$H$12,Holidays!$A$6:$A$205),IF($H14="FF",WORKDAY.INTL(INDEX($R$11:$R$310,MATCH($G14,$A$11:$A$310,0)),N($I14)-MAX(1,N($J14))+1,'Project Info'!$H$12,Holidays!$A$6:$A$205),WORKDAY.INTL(INDEX($R$11:$R$310,MATCH($G14,$A$11:$A$310,0)),1+N($I14),'Project Info'!$H$12,Holidays!$A$6:$A$205))),0))))-1,1,'Project Info'!$H$12,Holidays!$A$6:$A$205)) -> 46415 | R14: =IF(OR($Q14="",NOT(ISNUMBER($J14))),"",WORKDAY.INTL($Q14,MAX(1,$J14)-1,'Project Info'!$H$12,Holidays!$A$6:$A$205)) -> 46431 | S14: =IF($Q14="","",IF(ISNUMBER($M14),$M14,WORKDAY.INTL(MAX($Q14,IF($D14="",0,N(IFERROR(IF($E14="SS",WORKDAY.INTL(INDEX($S$11:$S$310,MATCH($D14,$A$11:$A$310,0)),N($F14),'Project Info'!$H$12,Holidays!$A$6:$A$205),IF($E14="FF",WORKDAY.INTL(INDEX($T$11:$T$310,MATCH($D14,$A$11:$A$310,0)),N($F14)-MAX(1,IF(ISNUMBER($P14),$P14,N($J14)))+1,'Project Info'!$H$12,Holidays!$A$6:$A$205),WORKDAY.INTL(INDEX($T$11:$T$310,MATCH($D14,$A$11:$A$310,0)),1+N($F14),'Project Info'!$H$12,Holidays!$A$6:$A$205))),0))),IF($G14="",0,N(IFERROR(IF($H14="SS",WORKDAY.INTL(INDEX($S$11:$S$310,MATCH($G14,$A$11:$A$310,0)),N($I14),'Project Info'!$H$12,Holidays!$A$6:$A$205),IF($H14="FF",WORKDAY.INTL(INDEX($T$11:$T$310,MATCH($G14,$A$11:$A$310,0)),N($I14)-MAX(1,IF(ISNUMBER($P14),$P14,N($J14)))+1,'Project Info'!$H$12,Holidays!$A$6:$A$205),WORKDAY.INTL(INDEX($T$11:$T$310,MATCH($G14,$A$11:$A$310,0)),1+N($I14),'Project Info'!$H$12,Holidays!$A$6:$A$205))),0))),IF($AE14="Completed",0,N('Project Info'!$C$11)))-1,1,'Project Info'!$H$12,Holidays!$A$6:$A$205))) -> 46415 | T14: =IF(OR($S14="",$U14=""),"",IF(ISNUMBER($N14),$N14,WORKDAY.INTL($S14,$U14-1,'Project Info'!$H$12,Holidays!$A$6:$A$205))) -> 46431 | U14: =IF(OR($S14="",NOT(ISNUMBER($J14))),"",IF(ISNUMBER($N14),MAX(1,NETWORKDAYS.INTL($S14,$N14,'Project Info'!$H$12,Holidays!$A$6:$A$205)),MAX(1,IF(ISNUMBER($P14),$P14,$J14),IF(ISNUMBER($M14),NETWORKDAYS.INTL($M14,N('Project Info'!$C$11),'Project Info'!$H$12,Holidays!$A$6:$A$205),0)))) -> 15 | V14: =IF($U14="","",$U14-MAX(1,$J14)) -> 0 | W14: =IF($B14="","",IF($U14="","Enter Duration",IF($AE14="Completed",IF(NOT(ISNUMBER($N14)),"Completed - enter Actual End",IF($V14>0,"Completed - Overshoot",IF($V14<0,"Completed - Early","Completed - On Time"))),IF($AE14="On Hold","On Hold",IF($AE14="In Progress",IF($V14>0,"In Progress - Overshooting","In Progress - On Track"),IF($S14>$Q14,"Delayed Start","Not Started")))))) -> Not Started | X14: =IF(OR(NOT(ISNUMBER($R14)),NOT(ISNUMBER($T14))),"",IF($T14>=$R14,NETWORKDAYS.INTL($R14,$T14,'Project Info'!$H$12,Holidays!$A$6:$A$205)-1,-(NETWORKDAYS.INTL($T14,$R14,'Project Info'!$H$12,Holidays!$A$6:$A$205)-1))) -> 0 | Y14: =IF($B14="","",IF(AND(MAX($AC14,$AD14)>0,N($S14)>N($Q14)),"Delayed by Task #"&IF($AC14>=$AD14,$D14,$G14)&" (+"&MAX($AC14,$AD14)&"d)","")) | Z14: =IF($B14="","",COUNTIF($D$11:$D$310,$A14)+COUNTIF($G$11:$G$310,$A14)) -> 1 | AA14: =IF($B14="","",IF($AE14="Completed",1,IF($AE14="On Hold",4,IF($AE14="In Progress",2,IF(N($S14)>N($Q14),7,3))))) -> 3 | AB14: =IF($B14="","",IF(OR(AND($D14<>"",ISNUMBER(MATCH($D14,$A$11:$A$310,0))),AND($G14<>"",ISNUMBER(MATCH($G14,$A$11:$A$310,0)))),1,0)) -> 1 | AC14: =IF($D14="",0,N(IFERROR(INDEX($X$11:$X$310,MATCH($D14,$A$11:$A$310,0)),0))) -> 0 | AD14: =IF($G14="",0,N(IFERROR(INDEX($X$11:$X$310,MATCH($G14,$A$11:$A$310,0)),0))) -> 0 | AE14: =IF($B14="","",IF(ISNUMBER($N14),"Completed",IF($L14="Completed","Completed",IF($L14<>"",$L14,IF(ISNUMBER($M14),"In Progress","Not Started"))))) -> Not Started | AF14: =IF($B14="","",IF($AE14="Completed",1,MIN(1,N($O14)))) -> 0 | AG14: =IF(OR($S14="",NOT(ISNUMBER($J14))),"",WORKDAY.INTL($S14,MAX(1,$J14)-1,'Project Info'!$H$12,Holidays!$A$6:$A$205)) -> 46431 | AH14: =IF($B14="","",N($J14)*$AF14) -> 0 | AI14: =IF(ISNUMBER($R14),$R14,0) -> 46431 | AJ14: =IF(ISNUMBER($T14),$T14,0) -> 46431
A15: =IF($B15="","",ROW()-10) -> 5 | B15: REFLECTOR | Finishing & packing (35/day) | C15: Finishing | D15: 4 | E15: FS | F15: 0 | J15: 15 | L15: Not Started | Q15: =IF(OR($B15="",'Project Info'!$C$9=""),"",WORKDAY.INTL(MAX('Project Info'!$C$9,N($K15),IF($D15="",0,N(IFERROR(IF($E15="SS",WORKDAY.INTL(INDEX($Q$11:$Q$310,MATCH($D15,$A$11:$A$310,0)),N($F15),'Project Info'!$H$12,Holidays!$A$6:$A$205),IF($E15="FF",WORKDAY.INTL(INDEX($R$11:$R$310,MATCH($D15,$A$11:$A$310,0)),N($F15)-MAX(1,N($J15))+1,'Project Info'!$H$12,Holidays!$A$6:$A$205),WORKDAY.INTL(INDEX($R$11:$R$310,MATCH($D15,$A$11:$A$310,0)),1+N($F15),'Project Info'!$H$12,Holidays!$A$6:$A$205))),0))),IF($G15="",0,N(IFERROR(IF($H15="SS",WORKDAY.INTL(INDEX($Q$11:$Q$310,MATCH($G15,$A$11:$A$310,0)),N($I15),'Project Info'!$H$12,Holidays!$A$6:$A$205),IF($H15="FF",WORKDAY.INTL(INDEX($R$11:$R$310,MATCH($G15,$A$11:$A$310,0)),N($I15)-MAX(1,N($J15))+1,'Project Info'!$H$12,Holidays!$A$6:$A$205),WORKDAY.INTL(INDEX($R$11:$R$310,MATCH($G15,$A$11:$A$310,0)),1+N($I15),'Project Info'!$H$12,Holidays!$A$6:$A$205))),0))))-1,1,'Project Info'!$H$12,Holidays!$A$6:$A$205)) -> 46433 | R15: =IF(OR($Q15="",NOT(ISNUMBER($J15))),"",WORKDAY.INTL($Q15,MAX(1,$J15)-1,'Project Info'!$H$12,Holidays!$A$6:$A$205)) -> 46449 | S15: =IF($Q15="","",IF(ISNUMBER($M15),$M15,WORKDAY.INTL(MAX($Q15,IF($D15="",0,N(IFERROR(IF($E15="SS",WORKDAY.INTL(INDEX($S$11:$S$310,MATCH($D15,$A$11:$A$310,0)),N($F15),'Project Info'!$H$12,Holidays!$A$6:$A$205),IF($E15="FF",WORKDAY.INTL(INDEX($T$11:$T$310,MATCH($D15,$A$11:$A$310,0)),N($F15)-MAX(1,IF(ISNUMBER($P15),$P15,N($J15)))+1,'Project Info'!$H$12,Holidays!$A$6:$A$205),WORKDAY.INTL(INDEX($T$11:$T$310,MATCH($D15,$A$11:$A$310,0)),1+N($F15),'Project Info'!$H$12,Holidays!$A$6:$A$205))),0))),IF($G15="",0,N(IFERROR(IF($H15="SS",WORKDAY.INTL(INDEX($S$11:$S$310,MATCH($G15,$A$11:$A$310,0)),N($I15),'Project Info'!$H$12,Holidays!$A$6:$A$205),IF($H15="FF",WORKDAY.INTL(INDEX($T$11:$T$310,MATCH($G15,$A$11:$A$310,0)),N($I15)-MAX(1,IF(ISNUMBER($P15),$P15,N($J15)))+1,'Project Info'!$H$12,Holidays!$A$6:$A$205),WORKDAY.INTL(INDEX($T$11:$T$310,MATCH($G15,$A$11:$A$310,0)),1+N($I15),'Project Info'!$H$12,Holidays!$A$6:$A$205))),0))),IF($AE15="Completed",0,N('Project Info'!$C$11)))-1,1,'Project Info'!$H$12,Holidays!$A$6:$A$205))) -> 46433 | T15: =IF(OR($S15="",$U15=""),"",IF(ISNUMBER($N15),$N15,WORKDAY.INTL($S15,$U15-1,'Project Info'!$H$12,Holidays!$A$6:$A$205))) -> 46449 | U15: =IF(OR($S15="",NOT(ISNUMBER($J15))),"",IF(ISNUMBER($N15),MAX(1,NETWORKDAYS.INTL($S15,$N15,'Project Info'!$H$12,Holidays!$A$6:$A$205)),MAX(1,IF(ISNUMBER($P15),$P15,$J15),IF(ISNUMBER($M15),NETWORKDAYS.INTL($M15,N('Project Info'!$C$11),'Project Info'!$H$12,Holidays!$A$6:$A$205),0)))) -> 15 | V15: =IF($U15="","",$U15-MAX(1,$J15)) -> 0 | W15: =IF($B15="","",IF($U15="","Enter Duration",IF($AE15="Completed",IF(NOT(ISNUMBER($N15)),"Completed - enter Actual End",IF($V15>0,"Completed - Overshoot",IF($V15<0,"Completed - Early","Completed - On Time"))),IF($AE15="On Hold","On Hold",IF($AE15="In Progress",IF($V15>0,"In Progress - Overshooting","In Progress - On Track"),IF($S15>$Q15,"Delayed Start","Not Started")))))) -> Not Started | X15: =IF(OR(NOT(ISNUMBER($R15)),NOT(ISNUMBER($T15))),"",IF($T15>=$R15,NETWORKDAYS.INTL($R15,$T15,'Project Info'!$H$12,Holidays!$A$6:$A$205)-1,-(NETWORKDAYS.INTL($T15,$R15,'Project Info'!$H$12,Holidays!$A$6:$A$205)-1))) -> 0 | Y15: =IF($B15="","",IF(AND(MAX($AC15,$AD15)>0,N($S15)>N($Q15)),"Delayed by Task #"&IF($AC15>=$AD15,$D15,$G15)&" (+"&MAX($AC15,$AD15)&"d)","")) | Z15: =IF($B15="","",COUNTIF($D$11:$D$310,$A15)+COUNTIF($G$11:$G$310,$A15)) -> 2 | AA15: =IF($B15="","",IF($AE15="Completed",1,IF($AE15="On Hold",4,IF($AE15="In Progress",2,IF(N($S15)>N($Q15),7,3))))) -> 3 | AB15: =IF($B15="","",IF(OR(AND($D15<>"",ISNUMBER(MATCH($D15,$A$11:$A$310,0))),AND($G15<>"",ISNUMBER(MATCH($G15,$A$11:$A$310,0)))),1,0)) -> 1 | AC15: =IF($D15="",0,N(IFERROR(INDEX($X$11:$X$310,MATCH($D15,$A$11:$A$310,0)),0))) -> 0 | AD15: =IF($G15="",0,N(IFERROR(INDEX($X$11:$X$310,MATCH($G15,$A$11:$A$310,0)),0))) -> 0 | AE15: =IF($B15="","",IF(ISNUMBER($N15),"Completed",IF($L15="Completed","Completed",IF($L15<>"",$L15,IF(ISNUMBER($M15),"In Progress","Not Started"))))) -> Not Started | AF15: =IF($B15="","",IF($AE15="Completed",1,MIN(1,N($O15)))) -> 0 | AG15: =IF(OR($S15="",NOT(ISNUMBER($J15))),"",WORKDAY.INTL($S15,MAX(1,$J15)-1,'Project Info'!$H$12,Holidays!$A$6:$A$205)) -> 46449 | AH15: =IF($B15="","",N($J15)*$AF15) -> 0 | AI15: =IF(ISNUMBER($R15),$R15,0) -> 46449 | AJ15: =IF(ISNUMBER($T15),$T15,0) -> 46449
A16: =IF($B16="","",ROW()-10) -> 6 | B16: REFLECTOR | Dispatch – 8 vehicles (rolling) | C16: Logistics | D16: 5 | E16: SS | F16: 2 | G16: 5 | H16: FF | I16: 1 | J16: 14 | L16: Not Started | Q16: =IF(OR($B16="",'Project Info'!$C$9=""),"",WORKDAY.INTL(MAX('Project Info'!$C$9,N($K16),IF($D16="",0,N(IFERROR(IF($E16="SS",WORKDAY.INTL(INDEX($Q$11:$Q$310,MATCH($D16,$A$11:$A$310,0)),N($F16),'Project Info'!$H$12,Holidays!$A$6:$A$205),IF($E16="FF",WORKDAY.INTL(INDEX($R$11:$R$310,MATCH($D16,$A$11:$A$310,0)),N($F16)-MAX(1,N($J16))+1,'Project Info'!$H$12,Holidays!$A$6:$A$205),WORKDAY.INTL(INDEX($R$11:$R$310,MATCH($D16,$A$11:$A$310,0)),1+N($F16),'Project Info'!$H$12,Holidays!$A$6:$A$205))),0))),IF($G16="",0,N(IFERROR(IF($H16="SS",WORKDAY.INTL(INDEX($Q$11:$Q$310,MATCH($G16,$A$11:$A$310,0)),N($I16),'Project Info'!$H$12,Holidays!$A$6:$A$205),IF($H16="FF",WORKDAY.INTL(INDEX($R$11:$R$310,MATCH($G16,$A$11:$A$310,0)),N($I16)-MAX(1,N($J16))+1,'Project Info'!$H$12,Holidays!$A$6:$A$205),WORKDAY.INTL(INDEX($R$11:$R$310,MATCH($G16,$A$11:$A$310,0)),1+N($I16),'Project Info'!$H$12,Holidays!$A$6:$A$205))),0))))-1,1,'Project Info'!$H$12,Holidays!$A$6:$A$205)) -> 46435 | R16: =IF(OR($Q16="",NOT(ISNUMBER($J16))),"",WORKDAY.INTL($Q16,MAX(1,$J16)-1,'Project Info'!$H$12,Holidays!$A$6:$A$205)) -> 46450 | S16: =IF($Q16="","",IF(ISNUMBER($M16),$M16,WORKDAY.INTL(MAX($Q16,IF($D16="",0,N(IFERROR(IF($E16="SS",WORKDAY.INTL(INDEX($S$11:$S$310,MATCH($D16,$A$11:$A$310,0)),N($F16),'Project Info'!$H$12,Holidays!$A$6:$A$205),IF($E16="FF",WORKDAY.INTL(INDEX($T$11:$T$310,MATCH($D16,$A$11:$A$310,0)),N($F16)-MAX(1,IF(ISNUMBER($P16),$P16,N($J16)))+1,'Project Info'!$H$12,Holidays!$A$6:$A$205),WORKDAY.INTL(INDEX($T$11:$T$310,MATCH($D16,$A$11:$A$310,0)),1+N($F16),'Project Info'!$H$12,Holidays!$A$6:$A$205))),0))),IF($G16="",0,N(IFERROR(IF($H16="SS",WORKDAY.INTL(INDEX($S$11:$S$310,MATCH($G16,$A$11:$A$310,0)),N($I16),'Project Info'!$H$12,Holidays!$A$6:$A$205),IF($H16="FF",WORKDAY.INTL(INDEX($T$11:$T$310,MATCH($G16,$A$11:$A$310,0)),N($I16)-MAX(1,IF(ISNUMBER($P16),$P16,N($J16)))+1,'Project Info'!$H$12,Holidays!$A$6:$A$205),WORKDAY.INTL(INDEX($T$11:$T$310,MATCH($G16,$A$11:$A$310,0)),1+N($I16),'Project Info'!$H$12,Holidays!$A$6:$A$205))),0))),IF($AE16="Completed",0,N('Project Info'!$C$11)))-1,1,'Project Info'!$H$12,Holidays!$A$6:$A$205))) -> 46435 | T16: =IF(OR($S16="",$U16=""),"",IF(ISNUMBER($N16),$N16,WORKDAY.INTL($S16,$U16-1,'Project Info'!$H$12,Holidays!$A$6:$A$205))) -> 46450 | U16: =IF(OR($S16="",NOT(ISNUMBER($J16))),"",IF(ISNUMBER($N16),MAX(1,NETWORKDAYS.INTL($S16,$N16,'Project Info'!$H$12,Holidays!$A$6:$A$205)),MAX(1,IF(ISNUMBER($P16),$P16,$J16),IF(ISNUMBER($M16),NETWORKDAYS.INTL($M16,N('Project Info'!$C$11),'Project Info'!$H$12,Holidays!$A$6:$A$205),0)))) -> 14 | V16: =IF($U16="","",$U16-MAX(1,$J16)) -> 0 | W16: =IF($B16="","",IF($U16="","Enter Duration",IF($AE16="Completed",IF(NOT(ISNUMBER($N16)),"Completed - enter Actual End",IF($V16>0,"Completed - Overshoot",IF($V16<0,"Completed - Early","Completed - On Time"))),IF($AE16="On Hold","On Hold",IF($AE16="In Progress",IF($V16>0,"In Progress - Overshooting","In Progress - On Track"),IF($S16>$Q16,"Delayed Start","Not Started")))))) -> Not Started | X16: =IF(OR(NOT(ISNUMBER($R16)),NOT(ISNUMBER($T16))),"",IF($T16>=$R16,NETWORKDAYS.INTL($R16,$T16,'Project Info'!$H$12,Holidays!$A$6:$A$205)-1,-(NETWORKDAYS.INTL($T16,$R16,'Project Info'!$H$12,Holidays!$A$6:$A$205)-1))) -> 0 | Y16: =IF($B16="","",IF(AND(MAX($AC16,$AD16)>0,N($S16)>N($Q16)),"Delayed by Task #"&IF($AC16>=$AD16,$D16,$G16)&" (+"&MAX($AC16,$AD16)&"d)","")) | Z16: =IF($B16="","",COUNTIF($D$11:$D$310,$A16)+COUNTIF($G$11:$G$310,$A16)) -> 0 | AA16: =IF($B16="","",IF($AE16="Completed",1,IF($AE16="On Hold",4,IF($AE16="In Progress",2,IF(N($S16)>N($Q16),7,3))))) -> 3 | AB16: =IF($B16="","",IF(OR(AND($D16<>"",ISNUMBER(MATCH($D16,$A$11:$A$310,0))),AND($G16<>"",ISNUMBER(MATCH($G16,$A$11:$A$310,0)))),1,0)) -> 1 | AC16: =IF($D16="",0,N(IFERROR(INDEX($X$11:$X$310,MATCH($D16,$A$11:$A$310,0)),0))) -> 0 | AD16: =IF($G16="",0,N(IFERROR(INDEX($X$11:$X$310,MATCH($G16,$A$11:$A$310,0)),0))) -> 0 | AE16: =IF($B16="","",IF(ISNUMBER($N16),"Completed",IF($L16="Completed","Completed",IF($L16<>"",$L16,IF(ISNUMBER($M16),"In Progress","Not Started"))))) -> Not Started | AF16: =IF($B16="","",IF($AE16="Completed",1,MIN(1,N($O16)))) -> 0 | AG16: =IF(OR($S16="",NOT(ISNUMBER($J16))),"",WORKDAY.INTL($S16,MAX(1,$J16)-1,'Project Info'!$H$12,Holidays!$A$6:$A$205)) -> 46450 | AH16: =IF($B16="","",N($J16)*$AF16) -> 0 | AI16: =IF(ISNUMBER($R16),$R16,0) -> 46450 | AJ16: =IF(ISNUMBER($T16),$T16,0) -> 46450
A17: =IF($B17="","",ROW()-10) -> 7 | B17: FEED | Finalize mold design (6 components) | C17: Design | J17: 15 | L17: Not Started | Q17: =IF(OR($B17="",'Project Info'!$C$9=""),"",WORKDAY.INTL(MAX('Project Info'!$C$9,N($K17),IF($D17="",0,N(IFERROR(IF($E17="SS",WORKDAY.INTL(INDEX($Q$11:$Q$310,MATCH($D17,$A$11:$A$310,0)),N($F17),'Project Info'!$H$12,Holidays!$A$6:$A$205),IF($E17="FF",WORKDAY.INTL(INDEX($R$11:$R$310,MATCH($D17,$A$11:$A$310,0)),N($F17)-MAX(1,N($J17))+1,'Project Info'!$H$12,Holidays!$A$6:$A$205),WORKDAY.INTL(INDEX($R$11:$R$310,MATCH($D17,$A$11:$A$310,0)),1+N($F17),'Project Info'!$H$12,Holidays!$A$6:$A$205))),0))),IF($G17="",0,N(IFERROR(IF($H17="SS",WORKDAY.INTL(INDEX($Q$11:$Q$310,MATCH($G17,$A$11:$A$310,0)),N($I17),'Project Info'!$H$12,Holidays!$A$6:$A$205),IF($H17="FF",WORKDAY.INTL(INDEX($R$11:$R$310,MATCH($G17,$A$11:$A$310,0)),N($I17)-MAX(1,N($J17))+1,'Project Info'!$H$12,Holidays!$A$6:$A$205),WORKDAY.INTL(INDEX($R$11:$R$310,MATCH($G17,$A$11:$A$310,0)),1+N($I17),'Project Info'!$H$12,Holidays!$A$6:$A$205))),0))))-1,1,'Project Info'!$H$12,Holidays!$A$6:$A$205)) -> 46310 | R17: =IF(OR($Q17="",NOT(ISNUMBER($J17))),"",WORKDAY.INTL($Q17,MAX(1,$J17)-1,'Project Info'!$H$12,Holidays!$A$6:$A$205)) -> 46328 | S17: =IF($Q17="","",IF(ISNUMBER($M17),$M17,WORKDAY.INTL(MAX($Q17,IF($D17="",0,N(IFERROR(IF($E17="SS",WORKDAY.INTL(INDEX($S$11:$S$310,MATCH($D17,$A$11:$A$310,0)),N($F17),'Project Info'!$H$12,Holidays!$A$6:$A$205),IF($E17="FF",WORKDAY.INTL(INDEX($T$11:$T$310,MATCH($D17,$A$11:$A$310,0)),N($F17)-MAX(1,IF(ISNUMBER($P17),$P17,N($J17)))+1,'Project Info'!$H$12,Holidays!$A$6:$A$205),WORKDAY.INTL(INDEX($T$11:$T$310,MATCH($D17,$A$11:$A$310,0)),1+N($F17),'Project Info'!$H$12,Holidays!$A$6:$A$205))),0))),IF($G17="",0,N(IFERROR(IF($H17="SS",WORKDAY.INTL(INDEX($S$11:$S$310,MATCH($G17,$A$11:$A$310,0)),N($I17),'Project Info'!$H$12,Holidays!$A$6:$A$205),IF($H17="FF",WORKDAY.INTL(INDEX($T$11:$T$310,MATCH($G17,$A$11:$A$310,0)),N($I17)-MAX(1,IF(ISNUMBER($P17),$P17,N($J17)))+1,'Project Info'!$H$12,Holidays!$A$6:$A$205),WORKDAY.INTL(INDEX($T$11:$T$310,MATCH($G17,$A$11:$A$310,0)),1+N($I17),'Project Info'!$H$12,Holidays!$A$6:$A$205))),0))),IF($AE17="Completed",0,N('Project Info'!$C$11)))-1,1,'Project Info'!$H$12,Holidays!$A$6:$A$205))) -> 46310 | T17: =IF(OR($S17="",$U17=""),"",IF(ISNUMBER($N17),$N17,WORKDAY.INTL($S17,$U17-1,'Project Info'!$H$12,Holidays!$A$6:$A$205))) -> 46328 | U17: =IF(OR($S17="",NOT(ISNUMBER($J17))),"",IF(ISNUMBER($N17),MAX(1,NETWORKDAYS.INTL($S17,$N17,'Project Info'!$H$12,Holidays!$A$6:$A$205)),MAX(1,IF(ISNUMBER($P17),$P17,$J17),IF(ISNUMBER($M17),NETWORKDAYS.INTL($M17,N('Project Info'!$C$11),'Project Info'!$H$12,Holidays!$A$6:$A$205),0)))) -> 15 | V17: =IF($U17="","",$U17-MAX(1,$J17)) -> 0 | W17: =IF($B17="","",IF($U17="","Enter Duration",IF($AE17="Completed",IF(NOT(ISNUMBER($N17)),"Completed - enter Actual End",IF($V17>0,"Completed - Overshoot",IF($V17<0,"Completed - Early","Completed - On Time"))),IF($AE17="On Hold","On Hold",IF($AE17="In Progress",IF($V17>0,"In Progress - Overshooting","In Progress - On Track"),IF($S17>$Q17,"Delayed Start","Not Started")))))) -> Not Started | X17: =IF(OR(NOT(ISNUMBER($R17)),NOT(ISNUMBER($T17))),"",IF($T17>=$R17,NETWORKDAYS.INTL($R17,$T17,'Project Info'!$H$12,Holidays!$A$6:$A$205)-1,-(NETWORKDAYS.INTL($T17,$R17,'Project Info'!$H$12,Holidays!$A$6:$A$205)-1))) -> 0 | Y17: =IF($B17="","",IF(AND(MAX($AC17,$AD17)>0,N($S17)>N($Q17)),"Delayed by Task #"&IF($AC17>=$AD17,$D17,$G17)&" (+"&MAX($AC17,$AD17)&"d)","")) | Z17: =IF($B17="","",COUNTIF($D$11:$D$310,$A17)+COUNTIF($G$11:$G$310,$A17)) -> 1 | AA17: =IF($B17="","",IF($AE17="Completed",1,IF($AE17="On Hold",4,IF($AE17="In Progress",2,IF(N($S17)>N($Q17),7,3))))) -> 3 | AB17: =IF($B17="","",IF(OR(AND($D17<>"",ISNUMBER(MATCH($D17,$A$11:$A$310,0))),AND($G17<>"",ISNUMBER(MATCH($G17,$A$11:$A$310,0)))),1,0)) -> 0 | AC17: =IF($D17="",0,N(IFERROR(INDEX($X$11:$X$310,MATCH($D17,$A$11:$A$310,0)),0))) -> 0 | AD17: =IF($G17="",0,N(IFERROR(INDEX($X$11:$X$310,MATCH($G17,$A$11:$A$310,0)),0))) -> 0 | AE17: =IF($B17="","",IF(ISNUMBER($N17),"Completed",IF($L17="Completed","Completed",IF($L17<>"",$L17,IF(ISNUMBER($M17),"In Progress","Not Started"))))) -> Not Started | AF17: =IF($B17="","",IF($AE17="Completed",1,MIN(1,N($O17)))) -> 0 | AG17: =IF(OR($S17="",NOT(ISNUMBER($J17))),"",WORKDAY.INTL($S17,MAX(1,$J17)-1,'Project Info'!$H$12,Holidays!$A$6:$A$205)) -> 46328 | AH17: =IF($B17="","",N($J17)*$AF17) -> 0 | AI17: =IF(ISNUMBER($R17),$R17,0) -> 46328 | AJ17: =IF(ISNUMBER($T17),$T17,0) -> 46328
A18: =IF($B18="","",ROW()-10) -> 8 | B18: FEED | Mold making – Round 1 (Horn, Splitter, Tx Filter) | C18: Tooling | D18: 7 | E18: FS | F18: 0 | J18: 30 | L18: Not Started | Q18: =IF(OR($B18="",'Project Info'!$C$9=""),"",WORKDAY.INTL(MAX('Project Info'!$C$9,N($K18),IF($D18="",0,N(IFERROR(IF($E18="SS",WORKDAY.INTL(INDEX($Q$11:$Q$310,MATCH($D18,$A$11:$A$310,0)),N($F18),'Project Info'!$H$12,Holidays!$A$6:$A$205),IF($E18="FF",WORKDAY.INTL(INDEX($R$11:$R$310,MATCH($D18,$A$11:$A$310,0)),N($F18)-MAX(1,N($J18))+1,'Project Info'!$H$12,Holidays!$A$6:$A$205),WORKDAY.INTL(INDEX($R$11:$R$310,MATCH($D18,$A$11:$A$310,0)),1+N($F18),'Project Info'!$H$12,Holidays!$A$6:$A$205))),0))),IF($G18="",0,N(IFERROR(IF($H18="SS",WORKDAY.INTL(INDEX($Q$11:$Q$310,MATCH($G18,$A$11:$A$310,0)),N($I18),'Project Info'!$H$12,Holidays!$A$6:$A$205),IF($H18="FF",WORKDAY.INTL(INDEX($R$11:$R$310,MATCH($G18,$A$11:$A$310,0)),N($I18)-MAX(1,N($J18))+1,'Project Info'!$H$12,Holidays!$A$6:$A$205),WORKDAY.INTL(INDEX($R$11:$R$310,MATCH($G18,$A$11:$A$310,0)),1+N($I18),'Project Info'!$H$12,Holidays!$A$6:$A$205))),0))))-1,1,'Project Info'!$H$12,Holidays!$A$6:$A$205)) -> 46329 | R18: =IF(OR($Q18="",NOT(ISNUMBER($J18))),"",WORKDAY.INTL($Q18,MAX(1,$J18)-1,'Project Info'!$H$12,Holidays!$A$6:$A$205)) -> 46367 | S18: =IF($Q18="","",IF(ISNUMBER($M18),$M18,WORKDAY.INTL(MAX($Q18,IF($D18="",0,N(IFERROR(IF($E18="SS",WORKDAY.INTL(INDEX($S$11:$S$310,MATCH($D18,$A$11:$A$310,0)),N($F18),'Project Info'!$H$12,Holidays!$A$6:$A$205),IF($E18="FF",WORKDAY.INTL(INDEX($T$11:$T$310,MATCH($D18,$A$11:$A$310,0)),N($F18)-MAX(1,IF(ISNUMBER($P18),$P18,N($J18)))+1,'Project Info'!$H$12,Holidays!$A$6:$A$205),WORKDAY.INTL(INDEX($T$11:$T$310,MATCH($D18,$A$11:$A$310,0)),1+N($F18),'Project Info'!$H$12,Holidays!$A$6:$A$205))),0))),IF($G18="",0,N(IFERROR(IF($H18="SS",WORKDAY.INTL(INDEX($S$11:$S$310,MATCH($G18,$A$11:$A$310,0)),N($I18),'Project Info'!$H$12,Holidays!$A$6:$A$205),IF($H18="FF",WORKDAY.INTL(INDEX($T$11:$T$310,MATCH($G18,$A$11:$A$310,0)),N($I18)-MAX(1,IF(ISNUMBER($P18),$P18,N($J18)))+1,'Project Info'!$H$12,Holidays!$A$6:$A$205),WORKDAY.INTL(INDEX($T$11:$T$310,MATCH($G18,$A$11:$A$310,0)),1+N($I18),'Project Info'!$H$12,Holidays!$A$6:$A$205))),0))),IF($AE18="Completed",0,N('Project Info'!$C$11)))-1,1,'Project Info'!$H$12,Holidays!$A$6:$A$205))) -> 46329 | T18: =IF(OR($S18="",$U18=""),"",IF(ISNUMBER($N18),$N18,WORKDAY.INTL($S18,$U18-1,'Project Info'!$H$12,Holidays!$A$6:$A$205))) -> 46367 | U18: =IF(OR($S18="",NOT(ISNUMBER($J18))),"",IF(ISNUMBER($N18),MAX(1,NETWORKDAYS.INTL($S18,$N18,'Project Info'!$H$12,Holidays!$A$6:$A$205)),MAX(1,IF(ISNUMBER($P18),$P18,$J18),IF(ISNUMBER($M18),NETWORKDAYS.INTL($M18,N('Project Info'!$C$11),'Project Info'!$H$12,Holidays!$A$6:$A$205),0)))) -> 30 | V18: =IF($U18="","",$U18-MAX(1,$J18)) -> 0 | W18: =IF($B18="","",IF($U18="","Enter Duration",IF($AE18="Completed",IF(NOT(ISNUMBER($N18)),"Completed - enter Actual End",IF($V18>0,"Completed - Overshoot",IF($V18<0,"Completed - Early","Completed - On Time"))),IF($AE18="On Hold","On Hold",IF($AE18="In Progress",IF($V18>0,"In Progress - Overshooting","In Progress - On Track"),IF($S18>$Q18,"Delayed Start","Not Started")))))) -> Not Started | X18: =IF(OR(NOT(ISNUMBER($R18)),NOT(ISNUMBER($T18))),"",IF($T18>=$R18,NETWORKDAYS.INTL($R18,$T18,'Project Info'!$H$12,Holidays!$A$6:$A$205)-1,-(NETWORKDAYS.INTL($T18,$R18,'Project Info'!$H$12,Holidays!$A$6:$A$205)-1))) -> 0 | Y18: =IF($B18="","",IF(AND(MAX($AC18,$AD18)>0,N($S18)>N($Q18)),"Delayed by Task #"&IF($AC18>=$AD18,$D18,$G18)&" (+"&MAX($AC18,$AD18)&"d)","")) | Z18: =IF($B18="","",COUNTIF($D$11:$D$310,$A18)+COUNTIF($G$11:$G$310,$A18)) -> 2 | AA18: =IF($B18="","",IF($AE18="Completed",1,IF($AE18="On Hold",4,IF($AE18="In Progress",2,IF(N($S18)>N($Q18),7,3))))) -> 3 | AB18: =IF($B18="","",IF(OR(AND($D18<>"",ISNUMBER(MATCH($D18,$A$11:$A$310,0))),AND($G18<>"",ISNUMBER(MATCH($G18,$A$11:$A$310,0)))),1,0)) -> 1 | AC18: =IF($D18="",0,N(IFERROR(INDEX($X$11:$X$310,MATCH($D18,$A$11:$A$310,0)),0))) -> 0 | AD18: =IF($G18="",0,N(IFERROR(INDEX($X$11:$X$310,MATCH($G18,$A$11:$A$310,0)),0))) -> 0 | AE18: =IF($B18="","",IF(ISNUMBER($N18),"Completed",IF($L18="Completed","Completed",IF($L18<>"",$L18,IF(ISNUMBER($M18),"In Progress","Not Started"))))) -> Not Started | AF18: =IF($B18="","",IF($AE18="Completed",1,MIN(1,N($O18)))) -> 0 | AG18: =IF(OR($S18="",NOT(ISNUMBER($J18))),"",WORKDAY.INTL($S18,MAX(1,$J18)-1,'Project Info'!$H$12,Holidays!$A$6:$A$205)) -> 46367 | AH18: =IF($B18="","",N($J18)*$AF18) -> 0 | AI18: =IF(ISNUMBER($R18),$R18,0) -> 46367 | AJ18: =IF(ISNUMBER($T18),$T18,0) -> 46367
A19: =IF($B19="","",ROW()-10) -> 9 | B19: FEED | Mold making – Round 2 (Rx Filter, Tx/Rx OMT) | C19: Tooling | D19: 8 | E19: FS | F19: 0 | J19: 30 | L19: Not Started | Q19: =IF(OR($B19="",'Project Info'!$C$9=""),"",WORKDAY.INTL(MAX('Project Info'!$C$9,N($K19),IF($D19="",0,N(IFERROR(IF($E19="SS",WORKDAY.INTL(INDEX($Q$11:$Q$310,MATCH($D19,$A$11:$A$310,0)),N($F19),'Project Info'!$H$12,Holidays!$A$6:$A$205),IF($E19="FF",WORKDAY.INTL(INDEX($R$11:$R$310,MATCH($D19,$A$11:$A$310,0)),N($F19)-MAX(1,N($J19))+1,'Project Info'!$H$12,Holidays!$A$6:$A$205),WORKDAY.INTL(INDEX($R$11:$R$310,MATCH($D19,$A$11:$A$310,0)),1+N($F19),'Project Info'!$H$12,Holidays!$A$6:$A$205))),0))),IF($G19="",0,N(IFERROR(IF($H19="SS",WORKDAY.INTL(INDEX($Q$11:$Q$310,MATCH($G19,$A$11:$A$310,0)),N($I19),'Project Info'!$H$12,Holidays!$A$6:$A$205),IF($H19="FF",WORKDAY.INTL(INDEX($R$11:$R$310,MATCH($G19,$A$11:$A$310,0)),N($I19)-MAX(1,N($J19))+1,'Project Info'!$H$12,Holidays!$A$6:$A$205),WORKDAY.INTL(INDEX($R$11:$R$310,MATCH($G19,$A$11:$A$310,0)),1+N($I19),'Project Info'!$H$12,Holidays!$A$6:$A$205))),0))))-1,1,'Project Info'!$H$12,Holidays!$A$6:$A$205)) -> 46368 | R19: =IF(OR($Q19="",NOT(ISNUMBER($J19))),"",WORKDAY.INTL($Q19,MAX(1,$J19)-1,'Project Info'!$H$12,Holidays!$A$6:$A$205)) -> 46403 | S19: =IF($Q19="","",IF(ISNUMBER($M19),$M19,WORKDAY.INTL(MAX($Q19,IF($D19="",0,N(IFERROR(IF($E19="SS",WORKDAY.INTL(INDEX($S$11:$S$310,MATCH($D19,$A$11:$A$310,0)),N($F19),'Project Info'!$H$12,Holidays!$A$6:$A$205),IF($E19="FF",WORKDAY.INTL(INDEX($T$11:$T$310,MATCH($D19,$A$11:$A$310,0)),N($F19)-MAX(1,IF(ISNUMBER($P19),$P19,N($J19)))+1,'Project Info'!$H$12,Holidays!$A$6:$A$205),WORKDAY.INTL(INDEX($T$11:$T$310,MATCH($D19,$A$11:$A$310,0)),1+N($F19),'Project Info'!$H$12,Holidays!$A$6:$A$205))),0))),IF($G19="",0,N(IFERROR(IF($H19="SS",WORKDAY.INTL(INDEX($S$11:$S$310,MATCH($G19,$A$11:$A$310,0)),N($I19),'Project Info'!$H$12,Holidays!$A$6:$A$205),IF($H19="FF",WORKDAY.INTL(INDEX($T$11:$T$310,MATCH($G19,$A$11:$A$310,0)),N($I19)-MAX(1,IF(ISNUMBER($P19),$P19,N($J19)))+1,'Project Info'!$H$12,Holidays!$A$6:$A$205),WORKDAY.INTL(INDEX($T$11:$T$310,MATCH($G19,$A$11:$A$310,0)),1+N($I19),'Project Info'!$H$12,Holidays!$A$6:$A$205))),0))),IF($AE19="Completed",0,N('Project Info'!$C$11)))-1,1,'Project Info'!$H$12,Holidays!$A$6:$A$205))) -> 46368 | T19: =IF(OR($S19="",$U19=""),"",IF(ISNUMBER($N19),$N19,WORKDAY.INTL($S19,$U19-1,'Project Info'!$H$12,Holidays!$A$6:$A$205))) -> 46403 | U19: =IF(OR($S19="",NOT(ISNUMBER($J19))),"",IF(ISNUMBER($N19),MAX(1,NETWORKDAYS.INTL($S19,$N19,'Project Info'!$H$12,Holidays!$A$6:$A$205)),MAX(1,IF(ISNUMBER($P19),$P19,$J19),IF(ISNUMBER($M19),NETWORKDAYS.INTL($M19,N('Project Info'!$C$11),'Project Info'!$H$12,Holidays!$A$6:$A$205),0)))) -> 30 | V19: =IF($U19="","",$U19-MAX(1,$J19)) -> 0 | W19: =IF($B19="","",IF($U19="","Enter Duration",IF($AE19="Completed",IF(NOT(ISNUMBER($N19)),"Completed - enter Actual End",IF($V19>0,"Completed - Overshoot",IF($V19<0,"Completed - Early","Completed - On Time"))),IF($AE19="On Hold","On Hold",IF($AE19="In Progress",IF($V19>0,"In Progress - Overshooting","In Progress - On Track"),IF($S19>$Q19,"Delayed Start","Not Started")))))) -> Not Started | X19: =IF(OR(NOT(ISNUMBER($R19)),NOT(ISNUMBER($T19))),"",IF($T19>=$R19,NETWORKDAYS.INTL($R19,$T19,'Project Info'!$H$12,Holidays!$A$6:$A$205)-1,-(NETWORKDAYS.INTL($T19,$R19,'Project Info'!$H$12,Holidays!$A$6:$A$205)-1))) -> 0 | Y19: =IF($B19="","",IF(AND(MAX($AC19,$AD19)>0,N($S19)>N($Q19)),"Delayed by Task #"&IF($AC19>=$AD19,$D19,$G19)&" (+"&MAX($AC19,$AD19)&"d)","")) | Z19: =IF($B19="","",COUNTIF($D$11:$D$310,$A19)+COUNTIF($G$11:$G$310,$A19)) -> 1 | AA19: =IF($B19="","",IF($AE19="Completed",1,IF($AE19="On Hold",4,IF($AE19="In Progress",2,IF(N($S19)>N($Q19),7,3))))) -> 3 | AB19: =IF($B19="","",IF(OR(AND($D19<>"",ISNUMBER(MATCH($D19,$A$11:$A$310,0))),AND($G19<>"",ISNUMBER(MATCH($G19,$A$11:$A$310,0)))),1,0)) -> 1 | AC19: =IF($D19="",0,N(IFERROR(INDEX($X$11:$X$310,MATCH($D19,$A$11:$A$310,0)),0))) -> 0 | AD19: =IF($G19="",0,N(IFERROR(INDEX($X$11:$X$310,MATCH($G19,$A$11:$A$310,0)),0))) -> 0 | AE19: =IF($B19="","",IF(ISNUMBER($N19),"Completed",IF($L19="Completed","Completed",IF($L19<>"",$L19,IF(ISNUMBER($M19),"In Progress","Not Started"))))) -> Not Started | AF19: =IF($B19="","",IF($AE19="Completed",1,MIN(1,N($O19)))) -> 0 | AG19: =IF(OR($S19="",NOT(ISNUMBER($J19))),"",WORKDAY.INTL($S19,MAX(1,$J19)-1,'Project Info'!$H$12,Holidays!$A$6:$A$205)) -> 46403 | AH19: =IF($B19="","",N($J19)*$AF19) -> 0 | AI19: =IF(ISNUMBER($R19),$R19,0) -> 46403 | AJ19: =IF(ISNUMBER($T19),$T19,0) -> 46403
A20: =IF($B20="","",ROW()-10) -> 10 | B20: FEED | Molding – Round-1 components (1,500 nos) | C20: Molding | D20: 8 | E20: FS | F20: 0 | J20: 4 | L20: Not Started | Q20: =IF(OR($B20="",'Project Info'!$C$9=""),"",WORKDAY.INTL(MAX('Project Info'!$C$9,N($K20),IF($D20="",0,N(IFERROR(IF($E20="SS",WORKDAY.INTL(INDEX($Q$11:$Q$310,MATCH($D20,$A$11:$A$310,0)),N($F20),'Project Info'!$H$12,Holidays!$A$6:$A$205),IF($E20="FF",WORKDAY.INTL(INDEX($R$11:$R$310,MATCH($D20,$A$11:$A$310,0)),N($F20)-MAX(1,N($J20))+1,'Project Info'!$H$12,Holidays!$A$6:$A$205),WORKDAY.INTL(INDEX($R$11:$R$310,MATCH($D20,$A$11:$A$310,0)),1+N($F20),'Project Info'!$H$12,Holidays!$A$6:$A$205))),0))),IF($G20="",0,N(IFERROR(IF($H20="SS",WORKDAY.INTL(INDEX($Q$11:$Q$310,MATCH($G20,$A$11:$A$310,0)),N($I20),'Project Info'!$H$12,Holidays!$A$6:$A$205),IF($H20="FF",WORKDAY.INTL(INDEX($R$11:$R$310,MATCH($G20,$A$11:$A$310,0)),N($I20)-MAX(1,N($J20))+1,'Project Info'!$H$12,Holidays!$A$6:$A$205),WORKDAY.INTL(INDEX($R$11:$R$310,MATCH($G20,$A$11:$A$310,0)),1+N($I20),'Project Info'!$H$12,Holidays!$A$6:$A$205))),0))))-1,1,'Project Info'!$H$12,Holidays!$A$6:$A$205)) -> 46368 | R20: =IF(OR($Q20="",NOT(ISNUMBER($J20))),"",WORKDAY.INTL($Q20,MAX(1,$J20)-1,'Project Info'!$H$12,Holidays!$A$6:$A$205)) -> 46372 | S20: =IF($Q20="","",IF(ISNUMBER($M20),$M20,WORKDAY.INTL(MAX($Q20,IF($D20="",0,N(IFERROR(IF($E20="SS",WORKDAY.INTL(INDEX($S$11:$S$310,MATCH($D20,$A$11:$A$310,0)),N($F20),'Project Info'!$H$12,Holidays!$A$6:$A$205),IF($E20="FF",WORKDAY.INTL(INDEX($T$11:$T$310,MATCH($D20,$A$11:$A$310,0)),N($F20)-MAX(1,IF(ISNUMBER($P20),$P20,N($J20)))+1,'Project Info'!$H$12,Holidays!$A$6:$A$205),WORKDAY.INTL(INDEX($T$11:$T$310,MATCH($D20,$A$11:$A$310,0)),1+N($F20),'Project Info'!$H$12,Holidays!$A$6:$A$205))),0))),IF($G20="",0,N(IFERROR(IF($H20="SS",WORKDAY.INTL(INDEX($S$11:$S$310,MATCH($G20,$A$11:$A$310,0)),N($I20),'Project Info'!$H$12,Holidays!$A$6:$A$205),IF($H20="FF",WORKDAY.INTL(INDEX($T$11:$T$310,MATCH($G20,$A$11:$A$310,0)),N($I20)-MAX(1,IF(ISNUMBER($P20),$P20,N($J20)))+1,'Project Info'!$H$12,Holidays!$A$6:$A$205),WORKDAY.INTL(INDEX($T$11:$T$310,MATCH($G20,$A$11:$A$310,0)),1+N($I20),'Project Info'!$H$12,Holidays!$A$6:$A$205))),0))),IF($AE20="Completed",0,N('Project Info'!$C$11)))-1,1,'Project Info'!$H$12,Holidays!$A$6:$A$205))) -> 46368 | T20: =IF(OR($S20="",$U20=""),"",IF(ISNUMBER($N20),$N20,WORKDAY.INTL($S20,$U20-1,'Project Info'!$H$12,Holidays!$A$6:$A$205))) -> 46372 | U20: =IF(OR($S20="",NOT(ISNUMBER($J20))),"",IF(ISNUMBER($N20),MAX(1,NETWORKDAYS.INTL($S20,$N20,'Project Info'!$H$12,Holidays!$A$6:$A$205)),MAX(1,IF(ISNUMBER($P20),$P20,$J20),IF(ISNUMBER($M20),NETWORKDAYS.INTL($M20,N('Project Info'!$C$11),'Project Info'!$H$12,Holidays!$A$6:$A$205),0)))) -> 4 | V20: =IF($U20="","",$U20-MAX(1,$J20)) -> 0 | W20: =IF($B20="","",IF($U20="","Enter Duration",IF($AE20="Completed",IF(NOT(ISNUMBER($N20)),"Completed - enter Actual End",IF($V20>0,"Completed - Overshoot",IF($V20<0,"Completed - Early","Completed - On Time"))),IF($AE20="On Hold","On Hold",IF($AE20="In Progress",IF($V20>0,"In Progress - Overshooting","In Progress - On Track"),IF($S20>$Q20,"Delayed Start","Not Started")))))) -> Not Started | X20: =IF(OR(NOT(ISNUMBER($R20)),NOT(ISNUMBER($T20))),"",IF($T20>=$R20,NETWORKDAYS.INTL($R20,$T20,'Project Info'!$H$12,Holidays!$A$6:$A$205)-1,-(NETWORKDAYS.INTL($T20,$R20,'Project Info'!$H$12,Holidays!$A$6:$A$205)-1))) -> 0 | Y20: =IF($B20="","",IF(AND(MAX($AC20,$AD20)>0,N($S20)>N($Q20)),"Delayed by Task #"&IF($AC20>=$AD20,$D20,$G20)&" (+"&MAX($AC20,$AD20)&"d)","")) | Z20: =IF($B20="","",COUNTIF($D$11:$D$310,$A20)+COUNTIF($G$11:$G$310,$A20)) -> 2 | AA20: =IF($B20="","",IF($AE20="Completed",1,IF($AE20="On Hold",4,IF($AE20="In Progress",2,IF(N($S20)>N($Q20),7,3))))) -> 3 | AB20: =IF($B20="","",IF(OR(AND($D20<>"",ISNUMBER(MATCH($D20,$A$11:$A$310,0))),AND($G20<>"",ISNUMBER(MATCH($G20,$A$11:$A$310,0)))),1,0)) -> 1 | AC20: =IF($D20="",0,N(IFERROR(INDEX($X$11:$X$310,MATCH($D20,$A$11:$A$310,0)),0))) -> 0 | AD20: =IF($G20="",0,N(IFERROR(INDEX($X$11:$X$310,MATCH($G20,$A$11:$A$310,0)),0))) -> 0 | AE20: =IF($B20="","",IF(ISNUMBER($N20),"Completed",IF($L20="Completed","Completed",IF($L20<>"",$L20,IF(ISNUMBER($M20),"In Progress","Not Started"))))) -> Not Started | AF20: =IF($B20="","",IF($AE20="Completed",1,MIN(1,N($O20)))) -> 0 | AG20: =IF(OR($S20="",NOT(ISNUMBER($J20))),"",WORKDAY.INTL($S20,MAX(1,$J20)-1,'Project Info'!$H$12,Holidays!$A$6:$A$205)) -> 46372 | AH20: =IF($B20="","",N($J20)*$AF20) -> 0 | AI20: =IF(ISNUMBER($R20),$R20,0) -> 46372 | AJ20: =IF(ISNUMBER($T20),$T20,0) -> 46372
A21: =IF($B21="","",ROW()-10) -> 11 | B21: FEED | Molding – Round-2 components (1,500 nos) | C21: Molding | D21: 9 | E21: FS | F21: 0 | G21: 10 | H21: FS | I21: 0 | J21: 4 | L21: Not Started | Q21: =IF(OR($B21="",'Project Info'!$C$9=""),"",WORKDAY.INTL(MAX('Project Info'!$C$9,N($K21),IF($D21="",0,N(IFERROR(IF($E21="SS",WORKDAY.INTL(INDEX($Q$11:$Q$310,MATCH($D21,$A$11:$A$310,0)),N($F21),'Project Info'!$H$12,Holidays!$A$6:$A$205),IF($E21="FF",WORKDAY.INTL(INDEX($R$11:$R$310,MATCH($D21,$A$11:$A$310,0)),N($F21)-MAX(1,N($J21))+1,'Project Info'!$H$12,Holidays!$A$6:$A$205),WORKDAY.INTL(INDEX($R$11:$R$310,MATCH($D21,$A$11:$A$310,0)),1+N($F21),'Project Info'!$H$12,Holidays!$A$6:$A$205))),0))),IF($G21="",0,N(IFERROR(IF($H21="SS",WORKDAY.INTL(INDEX($Q$11:$Q$310,MATCH($G21,$A$11:$A$310,0)),N($I21),'Project Info'!$H$12,Holidays!$A$6:$A$205),IF($H21="FF",WORKDAY.INTL(INDEX($R$11:$R$310,MATCH($G21,$A$11:$A$310,0)),N($I21)-MAX(1,N($J21))+1,'Project Info'!$H$12,Holidays!$A$6:$A$205),WORKDAY.INTL(INDEX($R$11:$R$310,MATCH($G21,$A$11:$A$310,0)),1+N($I21),'Project Info'!$H$12,Holidays!$A$6:$A$205))),0))))-1,1,'Project Info'!$H$12,Holidays!$A$6:$A$205)) -> 46405 | R21: =IF(OR($Q21="",NOT(ISNUMBER($J21))),"",WORKDAY.INTL($Q21,MAX(1,$J21)-1,'Project Info'!$H$12,Holidays!$A$6:$A$205)) -> 46408 | S21: =IF($Q21="","",IF(ISNUMBER($M21),$M21,WORKDAY.INTL(MAX($Q21,IF($D21="",0,N(IFERROR(IF($E21="SS",WORKDAY.INTL(INDEX($S$11:$S$310,MATCH($D21,$A$11:$A$310,0)),N($F21),'Project Info'!$H$12,Holidays!$A$6:$A$205),IF($E21="FF",WORKDAY.INTL(INDEX($T$11:$T$310,MATCH($D21,$A$11:$A$310,0)),N($F21)-MAX(1,IF(ISNUMBER($P21),$P21,N($J21)))+1,'Project Info'!$H$12,Holidays!$A$6:$A$205),WORKDAY.INTL(INDEX($T$11:$T$310,MATCH($D21,$A$11:$A$310,0)),1+N($F21),'Project Info'!$H$12,Holidays!$A$6:$A$205))),0))),IF($G21="",0,N(IFERROR(IF($H21="SS",WORKDAY.INTL(INDEX($S$11:$S$310,MATCH($G21,$A$11:$A$310,0)),N($I21),'Project Info'!$H$12,Holidays!$A$6:$A$205),IF($H21="FF",WORKDAY.INTL(INDEX($T$11:$T$310,MATCH($G21,$A$11:$A$310,0)),N($I21)-MAX(1,IF(ISNUMBER($P21),$P21,N($J21)))+1,'Project Info'!$H$12,Holidays!$A$6:$A$205),WORKDAY.INTL(INDEX($T$11:$T$310,MATCH($G21,$A$11:$A$310,0)),1+N($I21),'Project Info'!$H$12,Holidays!$A$6:$A$205))),0))),IF($AE21="Completed",0,N('Project Info'!$C$11)))-1,1,'Project Info'!$H$12,Holidays!$A$6:$A$205))) -> 46405 | T21: =IF(OR($S21="",$U21=""),"",IF(ISNUMBER($N21),$N21,WORKDAY.INTL($S21,$U21-1,'Project Info'!$H$12,Holidays!$A$6:$A$205))) -> 46408 | U21: =IF(OR($S21="",NOT(ISNUMBER($J21))),"",IF(ISNUMBER($N21),MAX(1,NETWORKDAYS.INTL($S21,$N21,'Project Info'!$H$12,Holidays!$A$6:$A$205)),MAX(1,IF(ISNUMBER($P21),$P21,$J21),IF(ISNUMBER($M21),NETWORKDAYS.INTL($M21,N('Project Info'!$C$11),'Project Info'!$H$12,Holidays!$A$6:$A$205),0)))) -> 4 | V21: =IF($U21="","",$U21-MAX(1,$J21)) -> 0 | W21: =IF($B21="","",IF($U21="","Enter Duration",IF($AE21="Completed",IF(NOT(ISNUMBER($N21)),"Completed - enter Actual End",IF($V21>0,"Completed - Overshoot",IF($V21<0,"Completed - Early","Completed - On Time"))),IF($AE21="On Hold","On Hold",IF($AE21="In Progress",IF($V21>0,"In Progress - Overshooting","In Progress - On Track"),IF($S21>$Q21,"Delayed Start","Not Started")))))) -> Not Started | X21: =IF(OR(NOT(ISNUMBER($R21)),NOT(ISNUMBER($T21))),"",IF($T21>=$R21,NETWORKDAYS.INTL($R21,$T21,'Project Info'!$H$12,Holidays!$A$6:$A$205)-1,-(NETWORKDAYS.INTL($T21,$R21,'Project Info'!$H$12,Holidays!$A$6:$A$205)-1))) -> 0 | Y21: =IF($B21="","",IF(AND(MAX($AC21,$AD21)>0,N($S21)>N($Q21)),"Delayed by Task #"&IF($AC21>=$AD21,$D21,$G21)&" (+"&MAX($AC21,$AD21)&"d)","")) | Z21: =IF($B21="","",COUNTIF($D$11:$D$310,$A21)+COUNTIF($G$11:$G$310,$A21)) -> 1 | AA21: =IF($B21="","",IF($AE21="Completed",1,IF($AE21="On Hold",4,IF($AE21="In Progress",2,IF(N($S21)>N($Q21),7,3))))) -> 3 | AB21: =IF($B21="","",IF(OR(AND($D21<>"",ISNUMBER(MATCH($D21,$A$11:$A$310,0))),AND($G21<>"",ISNUMBER(MATCH($G21,$A$11:$A$310,0)))),1,0)) -> 1 | AC21: =IF($D21="",0,N(IFERROR(INDEX($X$11:$X$310,MATCH($D21,$A$11:$A$310,0)),0))) -> 0 | AD21: =IF($G21="",0,N(IFERROR(INDEX($X$11:$X$310,MATCH($G21,$A$11:$A$310,0)),0))) -> 0 | AE21: =IF($B21="","",IF(ISNUMBER($N21),"Completed",IF($L21="Completed","Completed",IF($L21<>"",$L21,IF(ISNUMBER($M21),"In Progress","Not Started"))))) -> Not Started | AF21: =IF($B21="","",IF($AE21="Completed",1,MIN(1,N($O21)))) -> 0 | AG21: =IF(OR($S21="",NOT(ISNUMBER($J21))),"",WORKDAY.INTL($S21,MAX(1,$J21)-1,'Project Info'!$H$12,Holidays!$A$6:$A$205)) -> 46408 | AH21: =IF($B21="","",N($J21)*$AF21) -> 0 | AI21: =IF(ISNUMBER($R21),$R21,0) -> 46408 | AJ21: =IF(ISNUMBER($T21),$T21,0) -> 46408
A22: =IF($B22="","",ROW()-10) -> 12 | B22: FEED | Machining – Round 1, Batch 1 (750 nos) | C22: Machining | D22: 10 | E22: FS | F22: 0 | J22: 15 | L22: Not Started | Q22: =IF(OR($B22="",'Project Info'!$C$9=""),"",WORKDAY.INTL(MAX('Project Info'!$C$9,N($K22),IF($D22="",0,N(IFERROR(IF($E22="SS",WORKDAY.INTL(INDEX($Q$11:$Q$310,MATCH($D22,$A$11:$A$310,0)),N($F22),'Project Info'!$H$12,Holidays!$A$6:$A$205),IF($E22="FF",WORKDAY.INTL(INDEX($R$11:$R$310,MATCH($D22,$A$11:$A$310,0)),N($F22)-MAX(1,N($J22))+1,'Project Info'!$H$12,Holidays!$A$6:$A$205),WORKDAY.INTL(INDEX($R$11:$R$310,MATCH($D22,$A$11:$A$310,0)),1+N($F22),'Project Info'!$H$12,Holidays!$A$6:$A$205))),0))),IF($G22="",0,N(IFERROR(IF($H22="SS",WORKDAY.INTL(INDEX($Q$11:$Q$310,MATCH($G22,$A$11:$A$310,0)),N($I22),'Project Info'!$H$12,Holidays!$A$6:$A$205),IF($H22="FF",WORKDAY.INTL(INDEX($R$11:$R$310,MATCH($G22,$A$11:$A$310,0)),N($I22)-MAX(1,N($J22))+1,'Project Info'!$H$12,Holidays!$A$6:$A$205),WORKDAY.INTL(INDEX($R$11:$R$310,MATCH($G22,$A$11:$A$310,0)),1+N($I22),'Project Info'!$H$12,Holidays!$A$6:$A$205))),0))))-1,1,'Project Info'!$H$12,Holidays!$A$6:$A$205)) -> 46373 | R22: =IF(OR($Q22="",NOT(ISNUMBER($J22))),"",WORKDAY.INTL($Q22,MAX(1,$J22)-1,'Project Info'!$H$12,Holidays!$A$6:$A$205)) -> 46391 | S22: =IF($Q22="","",IF(ISNUMBER($M22),$M22,WORKDAY.INTL(MAX($Q22,IF($D22="",0,N(IFERROR(IF($E22="SS",WORKDAY.INTL(INDEX($S$11:$S$310,MATCH($D22,$A$11:$A$310,0)),N($F22),'Project Info'!$H$12,Holidays!$A$6:$A$205),IF($E22="FF",WORKDAY.INTL(INDEX($T$11:$T$310,MATCH($D22,$A$11:$A$310,0)),N($F22)-MAX(1,IF(ISNUMBER($P22),$P22,N($J22)))+1,'Project Info'!$H$12,Holidays!$A$6:$A$205),WORKDAY.INTL(INDEX($T$11:$T$310,MATCH($D22,$A$11:$A$310,0)),1+N($F22),'Project Info'!$H$12,Holidays!$A$6:$A$205))),0))),IF($G22="",0,N(IFERROR(IF($H22="SS",WORKDAY.INTL(INDEX($S$11:$S$310,MATCH($G22,$A$11:$A$310,0)),N($I22),'Project Info'!$H$12,Holidays!$A$6:$A$205),IF($H22="FF",WORKDAY.INTL(INDEX($T$11:$T$310,MATCH($G22,$A$11:$A$310,0)),N($I22)-MAX(1,IF(ISNUMBER($P22),$P22,N($J22)))+1,'Project Info'!$H$12,Holidays!$A$6:$A$205),WORKDAY.INTL(INDEX($T$11:$T$310,MATCH($G22,$A$11:$A$310,0)),1+N($I22),'Project Info'!$H$12,Holidays!$A$6:$A$205))),0))),IF($AE22="Completed",0,N('Project Info'!$C$11)))-1,1,'Project Info'!$H$12,Holidays!$A$6:$A$205))) -> 46373 | T22: =IF(OR($S22="",$U22=""),"",IF(ISNUMBER($N22),$N22,WORKDAY.INTL($S22,$U22-1,'Project Info'!$H$12,Holidays!$A$6:$A$205))) -> 46391 | U22: =IF(OR($S22="",NOT(ISNUMBER($J22))),"",IF(ISNUMBER($N22),MAX(1,NETWORKDAYS.INTL($S22,$N22,'Project Info'!$H$12,Holidays!$A$6:$A$205)),MAX(1,IF(ISNUMBER($P22),$P22,$J22),IF(ISNUMBER($M22),NETWORKDAYS.INTL($M22,N('Project Info'!$C$11),'Project Info'!$H$12,Holidays!$A$6:$A$205),0)))) -> 15 | V22: =IF($U22="","",$U22-MAX(1,$J22)) -> 0 | W22: =IF($B22="","",IF($U22="","Enter Duration",IF($AE22="Completed",IF(NOT(ISNUMBER($N22)),"Completed - enter Actual End",IF($V22>0,"Completed - Overshoot",IF($V22<0,"Completed - Early","Completed - On Time"))),IF($AE22="On Hold","On Hold",IF($AE22="In Progress",IF($V22>0,"In Progress - Overshooting","In Progress - On Track"),IF($S22>$Q22,"Delayed Start","Not Started")))))) -> Not Started | X22: =IF(OR(NOT(ISNUMBER($R22)),NOT(ISNUMBER($T22))),"",IF($T22>=$R22,NETWORKDAYS.INTL($R22,$T22,'Project Info'!$H$12,Holidays!$A$6:$A$205)-1,-(NETWORKDAYS.INTL($T22,$R22,'Project Info'!$H$12,Holidays!$A$6:$A$205)-1))) -> 0 | Y22: =IF($B22="","",IF(AND(MAX($AC22,$AD22)>0,N($S22)>N($Q22)),"Delayed by Task #"&IF($AC22>=$AD22,$D22,$G22)&" (+"&MAX($AC22,$AD22)&"d)","")) | Z22: =IF($B22="","",COUNTIF($D$11:$D$310,$A22)+COUNTIF($G$11:$G$310,$A22)) -> 1 | AA22: =IF($B22="","",IF($AE22="Completed",1,IF($AE22="On Hold",4,IF($AE22="In Progress",2,IF(N($S22)>N($Q22),7,3))))) -> 3 | AB22: =IF($B22="","",IF(OR(AND($D22<>"",ISNUMBER(MATCH($D22,$A$11:$A$310,0))),AND($G22<>"",ISNUMBER(MATCH($G22,$A$11:$A$310,0)))),1,0)) -> 1 | AC22: =IF($D22="",0,N(IFERROR(INDEX($X$11:$X$310,MATCH($D22,$A$11:$A$310,0)),0))) -> 0 | AD22: =IF($G22="",0,N(IFERROR(INDEX($X$11:$X$310,MATCH($G22,$A$11:$A$310,0)),0))) -> 0 | AE22: =IF($B22="","",IF(ISNUMBER($N22),"Completed",IF($L22="Completed","Completed",IF($L22<>"",$L22,IF(ISNUMBER($M22),"In Progress","Not Started"))))) -> Not Started | AF22: =IF($B22="","",IF($AE22="Completed",1,MIN(1,N($O22)))) -> 0 | AG22: =IF(OR($S22="",NOT(ISNUMBER($J22))),"",WORKDAY.INTL($S22,MAX(1,$J22)-1,'Project Info'!$H$12,Holidays!$A$6:$A$205)) -> 46391 | AH22: =IF($B22="","",N($J22)*$AF22) -> 0 | AI22: =IF(ISNUMBER($R22),$R22,0) -> 46391 | AJ22: =IF(ISNUMBER($T22),$T22,0) -> 46391
A23: =IF($B23="","",ROW()-10) -> 13 | B23: FEED | Machining – Round 1, Batch 2 (750 nos) | C23: Machining | D23: 12 | E23: FS | F23: 0 | J23: 15 | L23: Not Started | Q23: =IF(OR($B23="",'Project Info'!$C$9=""),"",WORKDAY.INTL(MAX('Project Info'!$C$9,N($K23),IF($D23="",0,N(IFERROR(IF($E23="SS",WORKDAY.INTL(INDEX($Q$11:$Q$310,MATCH($D23,$A$11:$A$310,0)),N($F23),'Project Info'!$H$12,Holidays!$A$6:$A$205),IF($E23="FF",WORKDAY.INTL(INDEX($R$11:$R$310,MATCH($D23,$A$11:$A$310,0)),N($F23)-MAX(1,N($J23))+1,'Project Info'!$H$12,Holidays!$A$6:$A$205),WORKDAY.INTL(INDEX($R$11:$R$310,MATCH($D23,$A$11:$A$310,0)),1+N($F23),'Project Info'!$H$12,Holidays!$A$6:$A$205))),0))),IF($G23="",0,N(IFERROR(IF($H23="SS",WORKDAY.INTL(INDEX($Q$11:$Q$310,MATCH($G23,$A$11:$A$310,0)),N($I23),'Project Info'!$H$12,Holidays!$A$6:$A$205),IF($H23="FF",WORKDAY.INTL(INDEX($R$11:$R$310,MATCH($G23,$A$11:$A$310,0)),N($I23)-MAX(1,N($J23))+1,'Project Info'!$H$12,Holidays!$A$6:$A$205),WORKDAY.INTL(INDEX($R$11:$R$310,MATCH($G23,$A$11:$A$310,0)),1+N($I23),'Project Info'!$H$12,Holidays!$A$6:$A$205))),0))))-1,1,'Project Info'!$H$12,Holidays!$A$6:$A$205)) -> 46392 | R23: =IF(OR($Q23="",NOT(ISNUMBER($J23))),"",WORKDAY.INTL($Q23,MAX(1,$J23)-1,'Project Info'!$H$12,Holidays!$A$6:$A$205)) -> 46408 | S23: =IF($Q23="","",IF(ISNUMBER($M23),$M23,WORKDAY.INTL(MAX($Q23,IF($D23="",0,N(IFERROR(IF($E23="SS",WORKDAY.INTL(INDEX($S$11:$S$310,MATCH($D23,$A$11:$A$310,0)),N($F23),'Project Info'!$H$12,Holidays!$A$6:$A$205),IF($E23="FF",WORKDAY.INTL(INDEX($T$11:$T$310,MATCH($D23,$A$11:$A$310,0)),N($F23)-MAX(1,IF(ISNUMBER($P23),$P23,N($J23)))+1,'Project Info'!$H$12,Holidays!$A$6:$A$205),WORKDAY.INTL(INDEX($T$11:$T$310,MATCH($D23,$A$11:$A$310,0)),1+N($F23),'Project Info'!$H$12,Holidays!$A$6:$A$205))),0))),IF($G23="",0,N(IFERROR(IF($H23="SS",WORKDAY.INTL(INDEX($S$11:$S$310,MATCH($G23,$A$11:$A$310,0)),N($I23),'Project Info'!$H$12,Holidays!$A$6:$A$205),IF($H23="FF",WORKDAY.INTL(INDEX($T$11:$T$310,MATCH($G23,$A$11:$A$310,0)),N($I23)-MAX(1,IF(ISNUMBER($P23),$P23,N($J23)))+1,'Project Info'!$H$12,Holidays!$A$6:$A$205),WORKDAY.INTL(INDEX($T$11:$T$310,MATCH($G23,$A$11:$A$310,0)),1+N($I23),'Project Info'!$H$12,Holidays!$A$6:$A$205))),0))),IF($AE23="Completed",0,N('Project Info'!$C$11)))-1,1,'Project Info'!$H$12,Holidays!$A$6:$A$205))) -> 46392 | T23: =IF(OR($S23="",$U23=""),"",IF(ISNUMBER($N23),$N23,WORKDAY.INTL($S23,$U23-1,'Project Info'!$H$12,Holidays!$A$6:$A$205))) -> 46408 | U23: =IF(OR($S23="",NOT(ISNUMBER($J23))),"",IF(ISNUMBER($N23),MAX(1,NETWORKDAYS.INTL($S23,$N23,'Project Info'!$H$12,Holidays!$A$6:$A$205)),MAX(1,IF(ISNUMBER($P23),$P23,$J23),IF(ISNUMBER($M23),NETWORKDAYS.INTL($M23,N('Project Info'!$C$11),'Project Info'!$H$12,Holidays!$A$6:$A$205),0)))) -> 15 | V23: =IF($U23="","",$U23-MAX(1,$J23)) -> 0 | W23: =IF($B23="","",IF($U23="","Enter Duration",IF($AE23="Completed",IF(NOT(ISNUMBER($N23)),"Completed - enter Actual End",IF($V23>0,"Completed - Overshoot",IF($V23<0,"Completed - Early","Completed - On Time"))),IF($AE23="On Hold","On Hold",IF($AE23="In Progress",IF($V23>0,"In Progress - Overshooting","In Progress - On Track"),IF($S23>$Q23,"Delayed Start","Not Started")))))) -> Not Started | X23: =IF(OR(NOT(ISNUMBER($R23)),NOT(ISNUMBER($T23))),"",IF($T23>=$R23,NETWORKDAYS.INTL($R23,$T23,'Project Info'!$H$12,Holidays!$A$6:$A$205)-1,-(NETWORKDAYS.INTL($T23,$R23,'Project Info'!$H$12,Holidays!$A$6:$A$205)-1))) -> 0 | Y23: =IF($B23="","",IF(AND(MAX($AC23,$AD23)>0,N($S23)>N($Q23)),"Delayed by Task #"&IF($AC23>=$AD23,$D23,$G23)&" (+"&MAX($AC23,$AD23)&"d)","")) | Z23: =IF($B23="","",COUNTIF($D$11:$D$310,$A23)+COUNTIF($G$11:$G$310,$A23)) -> 1 | AA23: =IF($B23="","",IF($AE23="Completed",1,IF($AE23="On Hold",4,IF($AE23="In Progress",2,IF(N($S23)>N($Q23),7,3))))) -> 3 | AB23: =IF($B23="","",IF(OR(AND($D23<>"",ISNUMBER(MATCH($D23,$A$11:$A$310,0))),AND($G23<>"",ISNUMBER(MATCH($G23,$A$11:$A$310,0)))),1,0)) -> 1 | AC23: =IF($D23="",0,N(IFERROR(INDEX($X$11:$X$310,MATCH($D23,$A$11:$A$310,0)),0))) -> 0 | AD23: =IF($G23="",0,N(IFERROR(INDEX($X$11:$X$310,MATCH($G23,$A$11:$A$310,0)),0))) -> 0 | AE23: =IF($B23="","",IF(ISNUMBER($N23),"Completed",IF($L23="Completed","Completed",IF($L23<>"",$L23,IF(ISNUMBER($M23),"In Progress","Not Started"))))) -> Not Started | AF23: =IF($B23="","",IF($AE23="Completed",1,MIN(1,N($O23)))) -> 0 | AG23: =IF(OR($S23="",NOT(ISNUMBER($J23))),"",WORKDAY.INTL($S23,MAX(1,$J23)-1,'Project Info'!$H$12,Holidays!$A$6:$A$205)) -> 46408 | AH23: =IF($B23="","",N($J23)*$AF23) -> 0 | AI23: =IF(ISNUMBER($R23),$R23,0) -> 46408 | AJ23: =IF(ISNUMBER($T23),$T23,0) -> 46408
A24: =IF($B24="","",ROW()-10) -> 14 | B24: FEED | Machining – Round 2, Batch 1 (750 nos) | C24: Machining | D24: 11 | E24: FS | F24: 0 | G24: 13 | H24: FS | I24: 0 | J24: 15 | L24: Not Started | Q24: =IF(OR($B24="",'Project Info'!$C$9=""),"",WORKDAY.INTL(MAX('Project Info'!$C$9,N($K24),IF($D24="",0,N(IFERROR(IF($E24="SS",WORKDAY.INTL(INDEX($Q$11:$Q$310,MATCH($D24,$A$11:$A$310,0)),N($F24),'Project Info'!$H$12,Holidays!$A$6:$A$205),IF($E24="FF",WORKDAY.INTL(INDEX($R$11:$R$310,MATCH($D24,$A$11:$A$310,0)),N($F24)-MAX(1,N($J24))+1,'Project Info'!$H$12,Holidays!$A$6:$A$205),WORKDAY.INTL(INDEX($R$11:$R$310,MATCH($D24,$A$11:$A$310,0)),1+N($F24),'Project Info'!$H$12,Holidays!$A$6:$A$205))),0))),IF($G24="",0,N(IFERROR(IF($H24="SS",WORKDAY.INTL(INDEX($Q$11:$Q$310,MATCH($G24,$A$11:$A$310,0)),N($I24),'Project Info'!$H$12,Holidays!$A$6:$A$205),IF($H24="FF",WORKDAY.INTL(INDEX($R$11:$R$310,MATCH($G24,$A$11:$A$310,0)),N($I24)-MAX(1,N($J24))+1,'Project Info'!$H$12,Holidays!$A$6:$A$205),WORKDAY.INTL(INDEX($R$11:$R$310,MATCH($G24,$A$11:$A$310,0)),1+N($I24),'Project Info'!$H$12,Holidays!$A$6:$A$205))),0))))-1,1,'Project Info'!$H$12,Holidays!$A$6:$A$205)) -> 46409 | R24: =IF(OR($Q24="",NOT(ISNUMBER($J24))),"",WORKDAY.INTL($Q24,MAX(1,$J24)-1,'Project Info'!$H$12,Holidays!$A$6:$A$205)) -> 46426 | S24: =IF($Q24="","",IF(ISNUMBER($M24),$M24,WORKDAY.INTL(MAX($Q24,IF($D24="",0,N(IFERROR(IF($E24="SS",WORKDAY.INTL(INDEX($S$11:$S$310,MATCH($D24,$A$11:$A$310,0)),N($F24),'Project Info'!$H$12,Holidays!$A$6:$A$205),IF($E24="FF",WORKDAY.INTL(INDEX($T$11:$T$310,MATCH($D24,$A$11:$A$310,0)),N($F24)-MAX(1,IF(ISNUMBER($P24),$P24,N($J24)))+1,'Project Info'!$H$12,Holidays!$A$6:$A$205),WORKDAY.INTL(INDEX($T$11:$T$310,MATCH($D24,$A$11:$A$310,0)),1+N($F24),'Project Info'!$H$12,Holidays!$A$6:$A$205))),0))),IF($G24="",0,N(IFERROR(IF($H24="SS",WORKDAY.INTL(INDEX($S$11:$S$310,MATCH($G24,$A$11:$A$310,0)),N($I24),'Project Info'!$H$12,Holidays!$A$6:$A$205),IF($H24="FF",WORKDAY.INTL(INDEX($T$11:$T$310,MATCH($G24,$A$11:$A$310,0)),N($I24)-MAX(1,IF(ISNUMBER($P24),$P24,N($J24)))+1,'Project Info'!$H$12,Holidays!$A$6:$A$205),WORKDAY.INTL(INDEX($T$11:$T$310,MATCH($G24,$A$11:$A$310,0)),1+N($I24),'Project Info'!$H$12,Holidays!$A$6:$A$205))),0))),IF($AE24="Completed",0,N('Project Info'!$C$11)))-1,1,'Project Info'!$H$12,Holidays!$A$6:$A$205))) -> 46409 | T24: =IF(OR($S24="",$U24=""),"",IF(ISNUMBER($N24),$N24,WORKDAY.INTL($S24,$U24-1,'Project Info'!$H$12,Holidays!$A$6:$A$205))) -> 46426 | U24: =IF(OR($S24="",NOT(ISNUMBER($J24))),"",IF(ISNUMBER($N24),MAX(1,NETWORKDAYS.INTL($S24,$N24,'Project Info'!$H$12,Holidays!$A$6:$A$205)),MAX(1,IF(ISNUMBER($P24),$P24,$J24),IF(ISNUMBER($M24),NETWORKDAYS.INTL($M24,N('Project Info'!$C$11),'Project Info'!$H$12,Holidays!$A$6:$A$205),0)))) -> 15 | V24: =IF($U24="","",$U24-MAX(1,$J24)) -> 0 | W24: =IF($B24="","",IF($U24="","Enter Duration",IF($AE24="Completed",IF(NOT(ISNUMBER($N24)),"Completed - enter Actual End",IF($V24>0,"Completed - Overshoot",IF($V24<0,"Completed - Early","Completed - On Time"))),IF($AE24="On Hold","On Hold",IF($AE24="In Progress",IF($V24>0,"In Progress - Overshooting","In Progress - On Track"),IF($S24>$Q24,"Delayed Start","Not Started")))))) -> Not Started | X24: =IF(OR(NOT(ISNUMBER($R24)),NOT(ISNUMBER($T24))),"",IF($T24>=$R24,NETWORKDAYS.INTL($R24,$T24,'Project Info'!$H$12,Holidays!$A$6:$A$205)-1,-(NETWORKDAYS.INTL($T24,$R24,'Project Info'!$H$12,Holidays!$A$6:$A$205)-1))) -> 0 | Y24: =IF($B24="","",IF(AND(MAX($AC24,$AD24)>0,N($S24)>N($Q24)),"Delayed by Task #"&IF($AC24>=$AD24,$D24,$G24)&" (+"&MAX($AC24,$AD24)&"d)","")) | Z24: =IF($B24="","",COUNTIF($D$11:$D$310,$A24)+COUNTIF($G$11:$G$310,$A24)) -> 2 | AA24: =IF($B24="","",IF($AE24="Completed",1,IF($AE24="On Hold",4,IF($AE24="In Progress",2,IF(N($S24)>N($Q24),7,3))))) -> 3 | AB24: =IF($B24="","",IF(OR(AND($D24<>"",ISNUMBER(MATCH($D24,$A$11:$A$310,0))),AND($G24<>"",ISNUMBER(MATCH($G24,$A$11:$A$310,0)))),1,0)) -> 1 | AC24: =IF($D24="",0,N(IFERROR(INDEX($X$11:$X$310,MATCH($D24,$A$11:$A$310,0)),0))) -> 0 | AD24: =IF($G24="",0,N(IFERROR(INDEX($X$11:$X$310,MATCH($G24,$A$11:$A$310,0)),0))) -> 0 | AE24: =IF($B24="","",IF(ISNUMBER($N24),"Completed",IF($L24="Completed","Completed",IF($L24<>"",$L24,IF(ISNUMBER($M24),"In Progress","Not Started"))))) -> Not Started | AF24: =IF($B24="","",IF($AE24="Completed",1,MIN(1,N($O24)))) -> 0 | AG24: =IF(OR($S24="",NOT(ISNUMBER($J24))),"",WORKDAY.INTL($S24,MAX(1,$J24)-1,'Project Info'!$H$12,Holidays!$A$6:$A$205)) -> 46426 | AH24: =IF($B24="","",N($J24)*$AF24) -> 0 | AI24: =IF(ISNUMBER($R24),$R24,0) -> 46426 | AJ24: =IF(ISNUMBER($T24),$T24,0) -> 46426
A25: =IF($B25="","",ROW()-10) -> 15 | B25: FEED | Machining – Round 2, Batch 2 (750 nos) | C25: Machining | D25: 14 | E25: FS | F25: 0 | J25: 15 | L25: Not Started | Q25: =IF(OR($B25="",'Project Info'!$C$9=""),"",WORKDAY.INTL(MAX('Project Info'!$C$9,N($K25),IF($D25="",0,N(IFERROR(IF($E25="SS",WORKDAY.INTL(INDEX($Q$11:$Q$310,MATCH($D25,$A$11:$A$310,0)),N($F25),'Project Info'!$H$12,Holidays!$A$6:$A$205),IF($E25="FF",WORKDAY.INTL(INDEX($R$11:$R$310,MATCH($D25,$A$11:$A$310,0)),N($F25)-MAX(1,N($J25))+1,'Project Info'!$H$12,Holidays!$A$6:$A$205),WORKDAY.INTL(INDEX($R$11:$R$310,MATCH($D25,$A$11:$A$310,0)),1+N($F25),'Project Info'!$H$12,Holidays!$A$6:$A$205))),0))),IF($G25="",0,N(IFERROR(IF($H25="SS",WORKDAY.INTL(INDEX($Q$11:$Q$310,MATCH($G25,$A$11:$A$310,0)),N($I25),'Project Info'!$H$12,Holidays!$A$6:$A$205),IF($H25="FF",WORKDAY.INTL(INDEX($R$11:$R$310,MATCH($G25,$A$11:$A$310,0)),N($I25)-MAX(1,N($J25))+1,'Project Info'!$H$12,Holidays!$A$6:$A$205),WORKDAY.INTL(INDEX($R$11:$R$310,MATCH($G25,$A$11:$A$310,0)),1+N($I25),'Project Info'!$H$12,Holidays!$A$6:$A$205))),0))))-1,1,'Project Info'!$H$12,Holidays!$A$6:$A$205)) -> 46427 | R25: =IF(OR($Q25="",NOT(ISNUMBER($J25))),"",WORKDAY.INTL($Q25,MAX(1,$J25)-1,'Project Info'!$H$12,Holidays!$A$6:$A$205)) -> 46443 | S25: =IF($Q25="","",IF(ISNUMBER($M25),$M25,WORKDAY.INTL(MAX($Q25,IF($D25="",0,N(IFERROR(IF($E25="SS",WORKDAY.INTL(INDEX($S$11:$S$310,MATCH($D25,$A$11:$A$310,0)),N($F25),'Project Info'!$H$12,Holidays!$A$6:$A$205),IF($E25="FF",WORKDAY.INTL(INDEX($T$11:$T$310,MATCH($D25,$A$11:$A$310,0)),N($F25)-MAX(1,IF(ISNUMBER($P25),$P25,N($J25)))+1,'Project Info'!$H$12,Holidays!$A$6:$A$205),WORKDAY.INTL(INDEX($T$11:$T$310,MATCH($D25,$A$11:$A$310,0)),1+N($F25),'Project Info'!$H$12,Holidays!$A$6:$A$205))),0))),IF($G25="",0,N(IFERROR(IF($H25="SS",WORKDAY.INTL(INDEX($S$11:$S$310,MATCH($G25,$A$11:$A$310,0)),N($I25),'Project Info'!$H$12,Holidays!$A$6:$A$205),IF($H25="FF",WORKDAY.INTL(INDEX($T$11:$T$310,MATCH($G25,$A$11:$A$310,0)),N($I25)-MAX(1,IF(ISNUMBER($P25),$P25,N($J25)))+1,'Project Info'!$H$12,Holidays!$A$6:$A$205),WORKDAY.INTL(INDEX($T$11:$T$310,MATCH($G25,$A$11:$A$310,0)),1+N($I25),'Project Info'!$H$12,Holidays!$A$6:$A$205))),0))),IF($AE25="Completed",0,N('Project Info'!$C$11)))-1,1,'Project Info'!$H$12,Holidays!$A$6:$A$205))) -> 46427 | T25: =IF(OR($S25="",$U25=""),"",IF(ISNUMBER($N25),$N25,WORKDAY.INTL($S25,$U25-1,'Project Info'!$H$12,Holidays!$A$6:$A$205))) -> 46443 | U25: =IF(OR($S25="",NOT(ISNUMBER($J25))),"",IF(ISNUMBER($N25),MAX(1,NETWORKDAYS.INTL($S25,$N25,'Project Info'!$H$12,Holidays!$A$6:$A$205)),MAX(1,IF(ISNUMBER($P25),$P25,$J25),IF(ISNUMBER($M25),NETWORKDAYS.INTL($M25,N('Project Info'!$C$11),'Project Info'!$H$12,Holidays!$A$6:$A$205),0)))) -> 15 | V25: =IF($U25="","",$U25-MAX(1,$J25)) -> 0 | W25: =IF($B25="","",IF($U25="","Enter Duration",IF($AE25="Completed",IF(NOT(ISNUMBER($N25)),"Completed - enter Actual End",IF($V25>0,"Completed - Overshoot",IF($V25<0,"Completed - Early","Completed - On Time"))),IF($AE25="On Hold","On Hold",IF($AE25="In Progress",IF($V25>0,"In Progress - Overshooting","In Progress - On Track"),IF($S25>$Q25,"Delayed Start","Not Started")))))) -> Not Started | X25: =IF(OR(NOT(ISNUMBER($R25)),NOT(ISNUMBER($T25))),"",IF($T25>=$R25,NETWORKDAYS.INTL($R25,$T25,'Project Info'!$H$12,Holidays!$A$6:$A$205)-1,-(NETWORKDAYS.INTL($T25,$R25,'Project Info'!$H$12,Holidays!$A$6:$A$205)-1))) -> 0 | Y25: =IF($B25="","",IF(AND(MAX($AC25,$AD25)>0,N($S25)>N($Q25)),"Delayed by Task #"&IF($AC25>=$AD25,$D25,$G25)&" (+"&MAX($AC25,$AD25)&"d)","")) | Z25: =IF($B25="","",COUNTIF($D$11:$D$310,$A25)+COUNTIF($G$11:$G$310,$A25)) -> 1 | AA25: =IF($B25="","",IF($AE25="Completed",1,IF($AE25="On Hold",4,IF($AE25="In Progress",2,IF(N($S25)>N($Q25),7,3))))) -> 3 | AB25: =IF($B25="","",IF(OR(AND($D25<>"",ISNUMBER(MATCH($D25,$A$11:$A$310,0))),AND($G25<>"",ISNUMBER(MATCH($G25,$A$11:$A$310,0)))),1,0)) -> 1 | AC25: =IF($D25="",0,N(IFERROR(INDEX($X$11:$X$310,MATCH($D25,$A$11:$A$310,0)),0))) -> 0 | AD25: =IF($G25="",0,N(IFERROR(INDEX($X$11:$X$310,MATCH($G25,$A$11:$A$310,0)),0))) -> 0 | AE25: =IF($B25="","",IF(ISNUMBER($N25),"Completed",IF($L25="Completed","Completed",IF($L25<>"",$L25,IF(ISNUMBER($M25),"In Progress","Not Started"))))) -> Not Started | AF25: =IF($B25="","",IF($AE25="Completed",1,MIN(1,N($O25)))) -> 0 | AG25: =IF(OR($S25="",NOT(ISNUMBER($J25))),"",WORKDAY.INTL($S25,MAX(1,$J25)-1,'Project Info'!$H$12,Holidays!$A$6:$A$205)) -> 46443 | AH25: =IF($B25="","",N($J25)*$AF25) -> 0 | AI25: =IF(ISNUMBER($R25),$R25,0) -> 46443 | AJ25: =IF(ISNUMBER($T25),$T25,0) -> 46443
A26: =IF($B26="","",ROW()-10) -> 16 | B26: FEED | Transport Batch 1 (250 sets) to finishing site | C26: Logistics | D26: 14 | E26: FS | F26: 0 | J26: 1 | L26: Not Started | Q26: =IF(OR($B26="",'Project Info'!$C$9=""),"",WORKDAY.INTL(MAX('Project Info'!$C$9,N($K26),IF($D26="",0,N(IFERROR(IF($E26="SS",WORKDAY.INTL(INDEX($Q$11:$Q$310,MATCH($D26,$A$11:$A$310,0)),N($F26),'Project Info'!$H$12,Holidays!$A$6:$A$205),IF($E26="FF",WORKDAY.INTL(INDEX($R$11:$R$310,MATCH($D26,$A$11:$A$310,0)),N($F26)-MAX(1,N($J26))+1,'Project Info'!$H$12,Holidays!$A$6:$A$205),WORKDAY.INTL(INDEX($R$11:$R$310,MATCH($D26,$A$11:$A$310,0)),1+N($F26),'Project Info'!$H$12,Holidays!$A$6:$A$205))),0))),IF($G26="",0,N(IFERROR(IF($H26="SS",WORKDAY.INTL(INDEX($Q$11:$Q$310,MATCH($G26,$A$11:$A$310,0)),N($I26),'Project Info'!$H$12,Holidays!$A$6:$A$205),IF($H26="FF",WORKDAY.INTL(INDEX($R$11:$R$310,MATCH($G26,$A$11:$A$310,0)),N($I26)-MAX(1,N($J26))+1,'Project Info'!$H$12,Holidays!$A$6:$A$205),WORKDAY.INTL(INDEX($R$11:$R$310,MATCH($G26,$A$11:$A$310,0)),1+N($I26),'Project Info'!$H$12,Holidays!$A$6:$A$205))),0))))-1,1,'Project Info'!$H$12,Holidays!$A$6:$A$205)) -> 46427 | R26: =IF(OR($Q26="",NOT(ISNUMBER($J26))),"",WORKDAY.INTL($Q26,MAX(1,$J26)-1,'Project Info'!$H$12,Holidays!$A$6:$A$205)) -> 46427 | S26: =IF($Q26="","",IF(ISNUMBER($M26),$M26,WORKDAY.INTL(MAX($Q26,IF($D26="",0,N(IFERROR(IF($E26="SS",WORKDAY.INTL(INDEX($S$11:$S$310,MATCH($D26,$A$11:$A$310,0)),N($F26),'Project Info'!$H$12,Holidays!$A$6:$A$205),IF($E26="FF",WORKDAY.INTL(INDEX($T$11:$T$310,MATCH($D26,$A$11:$A$310,0)),N($F26)-MAX(1,IF(ISNUMBER($P26),$P26,N($J26)))+1,'Project Info'!$H$12,Holidays!$A$6:$A$205),WORKDAY.INTL(INDEX($T$11:$T$310,MATCH($D26,$A$11:$A$310,0)),1+N($F26),'Project Info'!$H$12,Holidays!$A$6:$A$205))),0))),IF($G26="",0,N(IFERROR(IF($H26="SS",WORKDAY.INTL(INDEX($S$11:$S$310,MATCH($G26,$A$11:$A$310,0)),N($I26),'Project Info'!$H$12,Holidays!$A$6:$A$205),IF($H26="FF",WORKDAY.INTL(INDEX($T$11:$T$310,MATCH($G26,$A$11:$A$310,0)),N($I26)-MAX(1,IF(ISNUMBER($P26),$P26,N($J26)))+1,'Project Info'!$H$12,Holidays!$A$6:$A$205),WORKDAY.INTL(INDEX($T$11:$T$310,MATCH($G26,$A$11:$A$310,0)),1+N($I26),'Project Info'!$H$12,Holidays!$A$6:$A$205))),0))),IF($AE26="Completed",0,N('Project Info'!$C$11)))-1,1,'Project Info'!$H$12,Holidays!$A$6:$A$205))) -> 46427 | T26: =IF(OR($S26="",$U26=""),"",IF(ISNUMBER($N26),$N26,WORKDAY.INTL($S26,$U26-1,'Project Info'!$H$12,Holidays!$A$6:$A$205))) -> 46427 | U26: =IF(OR($S26="",NOT(ISNUMBER($J26))),"",IF(ISNUMBER($N26),MAX(1,NETWORKDAYS.INTL($S26,$N26,'Project Info'!$H$12,Holidays!$A$6:$A$205)),MAX(1,IF(ISNUMBER($P26),$P26,$J26),IF(ISNUMBER($M26),NETWORKDAYS.INTL($M26,N('Project Info'!$C$11),'Project Info'!$H$12,Holidays!$A$6:$A$205),0)))) -> 1 | V26: =IF($U26="","",$U26-MAX(1,$J26)) -> 0 | W26: =IF($B26="","",IF($U26="","Enter Duration",IF($AE26="Completed",IF(NOT(ISNUMBER($N26)),"Completed - enter Actual End",IF($V26>0,"Completed - Overshoot",IF($V26<0,"Completed - Early","Completed - On Time"))),IF($AE26="On Hold","On Hold",IF($AE26="In Progress",IF($V26>0,"In Progress - Overshooting","In Progress - On Track"),IF($S26>$Q26,"Delayed Start","Not Started")))))) -> Not Started | X26: =IF(OR(NOT(ISNUMBER($R26)),NOT(ISNUMBER($T26))),"",IF($T26>=$R26,NETWORKDAYS.INTL($R26,$T26,'Project Info'!$H$12,Holidays!$A$6:$A$205)-1,-(NETWORKDAYS.INTL($T26,$R26,'Project Info'!$H$12,Holidays!$A$6:$A$205)-1))) -> 0 | Y26: =IF($B26="","",IF(AND(MAX($AC26,$AD26)>0,N($S26)>N($Q26)),"Delayed by Task #"&IF($AC26>=$AD26,$D26,$G26)&" (+"&MAX($AC26,$AD26)&"d)","")) | Z26: =IF($B26="","",COUNTIF($D$11:$D$310,$A26)+COUNTIF($G$11:$G$310,$A26)) -> 1 | AA26: =IF($B26="","",IF($AE26="Completed",1,IF($AE26="On Hold",4,IF($AE26="In Progress",2,IF(N($S26)>N($Q26),7,3))))) -> 3 | AB26: =IF($B26="","",IF(OR(AND($D26<>"",ISNUMBER(MATCH($D26,$A$11:$A$310,0))),AND($G26<>"",ISNUMBER(MATCH($G26,$A$11:$A$310,0)))),1,0)) -> 1 | AC26: =IF($D26="",0,N(IFERROR(INDEX($X$11:$X$310,MATCH($D26,$A$11:$A$310,0)),0))) -> 0 | AD26: =IF($G26="",0,N(IFERROR(INDEX($X$11:$X$310,MATCH($G26,$A$11:$A$310,0)),0))) -> 0 | AE26: =IF($B26="","",IF(ISNUMBER($N26),"Completed",IF($L26="Completed","Completed",IF($L26<>"",$L26,IF(ISNUMBER($M26),"In Progress","Not Started"))))) -> Not Started | AF26: =IF($B26="","",IF($AE26="Completed",1,MIN(1,N($O26)))) -> 0 | AG26: =IF(OR($S26="",NOT(ISNUMBER($J26))),"",WORKDAY.INTL($S26,MAX(1,$J26)-1,'Project Info'!$H$12,Holidays!$A$6:$A$205)) -> 46427 | AH26: =IF($B26="","",N($J26)*$AF26) -> 0 | AI26: =IF(ISNUMBER($R26),$R26,0) -> 46427 | AJ26: =IF(ISNUMBER($T26),$T26,0) -> 46427
A27: =IF($B27="","",ROW()-10) -> 17 | B27: FEED | Finishing – Batch 1 (1,500 components) | C27: Finishing | D27: 16 | E27: FS | F27: 0 | J27: 25 | L27: Not Started | Q27: =IF(OR($B27="",'Project Info'!$C$9=""),"",WORKDAY.INTL(MAX('Project Info'!$C$9,N($K27),IF($D27="",0,N(IFERROR(IF($E27="SS",WORKDAY.INTL(INDEX($Q$11:$Q$310,MATCH($D27,$A$11:$A$310,0)),N($F27),'Project Info'!$H$12,Holidays!$A$6:$A$205),IF($E27="FF",WORKDAY.INTL(INDEX($R$11:$R$310,MATCH($D27,$A$11:$A$310,0)),N($F27)-MAX(1,N($J27))+1,'Project Info'!$H$12,Holidays!$A$6:$A$205),WORKDAY.INTL(INDEX($R$11:$R$310,MATCH($D27,$A$11:$A$310,0)),1+N($F27),'Project Info'!$H$12,Holidays!$A$6:$A$205))),0))),IF($G27="",0,N(IFERROR(IF($H27="SS",WORKDAY.INTL(INDEX($Q$11:$Q$310,MATCH($G27,$A$11:$A$310,0)),N($I27),'Project Info'!$H$12,Holidays!$A$6:$A$205),IF($H27="FF",WORKDAY.INTL(INDEX($R$11:$R$310,MATCH($G27,$A$11:$A$310,0)),N($I27)-MAX(1,N($J27))+1,'Project Info'!$H$12,Holidays!$A$6:$A$205),WORKDAY.INTL(INDEX($R$11:$R$310,MATCH($G27,$A$11:$A$310,0)),1+N($I27),'Project Info'!$H$12,Holidays!$A$6:$A$205))),0))))-1,1,'Project Info'!$H$12,Holidays!$A$6:$A$205)) -> 46428 | R27: =IF(OR($Q27="",NOT(ISNUMBER($J27))),"",WORKDAY.INTL($Q27,MAX(1,$J27)-1,'Project Info'!$H$12,Holidays!$A$6:$A$205)) -> 46456 | S27: =IF($Q27="","",IF(ISNUMBER($M27),$M27,WORKDAY.INTL(MAX($Q27,IF($D27="",0,N(IFERROR(IF($E27="SS",WORKDAY.INTL(INDEX($S$11:$S$310,MATCH($D27,$A$11:$A$310,0)),N($F27),'Project Info'!$H$12,Holidays!$A$6:$A$205),IF($E27="FF",WORKDAY.INTL(INDEX($T$11:$T$310,MATCH($D27,$A$11:$A$310,0)),N($F27)-MAX(1,IF(ISNUMBER($P27),$P27,N($J27)))+1,'Project Info'!$H$12,Holidays!$A$6:$A$205),WORKDAY.INTL(INDEX($T$11:$T$310,MATCH($D27,$A$11:$A$310,0)),1+N($F27),'Project Info'!$H$12,Holidays!$A$6:$A$205))),0))),IF($G27="",0,N(IFERROR(IF($H27="SS",WORKDAY.INTL(INDEX($S$11:$S$310,MATCH($G27,$A$11:$A$310,0)),N($I27),'Project Info'!$H$12,Holidays!$A$6:$A$205),IF($H27="FF",WORKDAY.INTL(INDEX($T$11:$T$310,MATCH($G27,$A$11:$A$310,0)),N($I27)-MAX(1,IF(ISNUMBER($P27),$P27,N($J27)))+1,'Project Info'!$H$12,Holidays!$A$6:$A$205),WORKDAY.INTL(INDEX($T$11:$T$310,MATCH($G27,$A$11:$A$310,0)),1+N($I27),'Project Info'!$H$12,Holidays!$A$6:$A$205))),0))),IF($AE27="Completed",0,N('Project Info'!$C$11)))-1,1,'Project Info'!$H$12,Holidays!$A$6:$A$205))) -> 46428 | T27: =IF(OR($S27="",$U27=""),"",IF(ISNUMBER($N27),$N27,WORKDAY.INTL($S27,$U27-1,'Project Info'!$H$12,Holidays!$A$6:$A$205))) -> 46456 | U27: =IF(OR($S27="",NOT(ISNUMBER($J27))),"",IF(ISNUMBER($N27),MAX(1,NETWORKDAYS.INTL($S27,$N27,'Project Info'!$H$12,Holidays!$A$6:$A$205)),MAX(1,IF(ISNUMBER($P27),$P27,$J27),IF(ISNUMBER($M27),NETWORKDAYS.INTL($M27,N('Project Info'!$C$11),'Project Info'!$H$12,Holidays!$A$6:$A$205),0)))) -> 25 | V27: =IF($U27="","",$U27-MAX(1,$J27)) -> 0 | W27: =IF($B27="","",IF($U27="","Enter Duration",IF($AE27="Completed",IF(NOT(ISNUMBER($N27)),"Completed - enter Actual End",IF($V27>0,"Completed - Overshoot",IF($V27<0,"Completed - Early","Completed - On Time"))),IF($AE27="On Hold","On Hold",IF($AE27="In Progress",IF($V27>0,"In Progress - Overshooting","In Progress - On Track"),IF($S27>$Q27,"Delayed Start","Not Started")))))) -> Not Started | X27: =IF(OR(NOT(ISNUMBER($R27)),NOT(ISNUMBER($T27))),"",IF($T27>=$R27,NETWORKDAYS.INTL($R27,$T27,'Project Info'!$H$12,Holidays!$A$6:$A$205)-1,-(NETWORKDAYS.INTL($T27,$R27,'Project Info'!$H$12,Holidays!$A$6:$A$205)-1))) -> 0 | Y27: =IF($B27="","",IF(AND(MAX($AC27,$AD27)>0,N($S27)>N($Q27)),"Delayed by Task #"&IF($AC27>=$AD27,$D27,$G27)&" (+"&MAX($AC27,$AD27)&"d)","")) | Z27: =IF($B27="","",COUNTIF($D$11:$D$310,$A27)+COUNTIF($G$11:$G$310,$A27)) -> 2 | AA27: =IF($B27="","",IF($AE27="Completed",1,IF($AE27="On Hold",4,IF($AE27="In Progress",2,IF(N($S27)>N($Q27),7,3))))) -> 3 | AB27: =IF($B27="","",IF(OR(AND($D27<>"",ISNUMBER(MATCH($D27,$A$11:$A$310,0))),AND($G27<>"",ISNUMBER(MATCH($G27,$A$11:$A$310,0)))),1,0)) -> 1 | AC27: =IF($D27="",0,N(IFERROR(INDEX($X$11:$X$310,MATCH($D27,$A$11:$A$310,0)),0))) -> 0 | AD27: =IF($G27="",0,N(IFERROR(INDEX($X$11:$X$310,MATCH($G27,$A$11:$A$310,0)),0))) -> 0 | AE27: =IF($B27="","",IF(ISNUMBER($N27),"Completed",IF($L27="Completed","Completed",IF($L27<>"",$L27,IF(ISNUMBER($M27),"In Progress","Not Started"))))) -> Not Started | AF27: =IF($B27="","",IF($AE27="Completed",1,MIN(1,N($O27)))) -> 0 | AG27: =IF(OR($S27="",NOT(ISNUMBER($J27))),"",WORKDAY.INTL($S27,MAX(1,$J27)-1,'Project Info'!$H$12,Holidays!$A$6:$A$205)) -> 46456 | AH27: =IF($B27="","",N($J27)*$AF27) -> 0 | AI27: =IF(ISNUMBER($R27),$R27,0) -> 46456 | AJ27: =IF(ISNUMBER($T27),$T27,0) -> 46456
A28: =IF($B28="","",ROW()-10) -> 18 | B28: FEED | Assembly & testing – Batch 1 (250 sets) | C28: Assembly & QA | D28: 17 | E28: FS | F28: 0 | J28: 9 | L28: Not Started | Q28: =IF(OR($B28="",'Project Info'!$C$9=""),"",WORKDAY.INTL(MAX('Project Info'!$C$9,N($K28),IF($D28="",0,N(IFERROR(IF($E28="SS",WORKDAY.INTL(INDEX($Q$11:$Q$310,MATCH($D28,$A$11:$A$310,0)),N($F28),'Project Info'!$H$12,Holidays!$A$6:$A$205),IF($E28="FF",WORKDAY.INTL(INDEX($R$11:$R$310,MATCH($D28,$A$11:$A$310,0)),N($F28)-MAX(1,N($J28))+1,'Project Info'!$H$12,Holidays!$A$6:$A$205),WORKDAY.INTL(INDEX($R$11:$R$310,MATCH($D28,$A$11:$A$310,0)),1+N($F28),'Project Info'!$H$12,Holidays!$A$6:$A$205))),0))),IF($G28="",0,N(IFERROR(IF($H28="SS",WORKDAY.INTL(INDEX($Q$11:$Q$310,MATCH($G28,$A$11:$A$310,0)),N($I28),'Project Info'!$H$12,Holidays!$A$6:$A$205),IF($H28="FF",WORKDAY.INTL(INDEX($R$11:$R$310,MATCH($G28,$A$11:$A$310,0)),N($I28)-MAX(1,N($J28))+1,'Project Info'!$H$12,Holidays!$A$6:$A$205),WORKDAY.INTL(INDEX($R$11:$R$310,MATCH($G28,$A$11:$A$310,0)),1+N($I28),'Project Info'!$H$12,Holidays!$A$6:$A$205))),0))))-1,1,'Project Info'!$H$12,Holidays!$A$6:$A$205)) -> 46457 | R28: =IF(OR($Q28="",NOT(ISNUMBER($J28))),"",WORKDAY.INTL($Q28,MAX(1,$J28)-1,'Project Info'!$H$12,Holidays!$A$6:$A$205)) -> 46466 | S28: =IF($Q28="","",IF(ISNUMBER($M28),$M28,WORKDAY.INTL(MAX($Q28,IF($D28="",0,N(IFERROR(IF($E28="SS",WORKDAY.INTL(INDEX($S$11:$S$310,MATCH($D28,$A$11:$A$310,0)),N($F28),'Project Info'!$H$12,Holidays!$A$6:$A$205),IF($E28="FF",WORKDAY.INTL(INDEX($T$11:$T$310,MATCH($D28,$A$11:$A$310,0)),N($F28)-MAX(1,IF(ISNUMBER($P28),$P28,N($J28)))+1,'Project Info'!$H$12,Holidays!$A$6:$A$205),WORKDAY.INTL(INDEX($T$11:$T$310,MATCH($D28,$A$11:$A$310,0)),1+N($F28),'Project Info'!$H$12,Holidays!$A$6:$A$205))),0))),IF($G28="",0,N(IFERROR(IF($H28="SS",WORKDAY.INTL(INDEX($S$11:$S$310,MATCH($G28,$A$11:$A$310,0)),N($I28),'Project Info'!$H$12,Holidays!$A$6:$A$205),IF($H28="FF",WORKDAY.INTL(INDEX($T$11:$T$310,MATCH($G28,$A$11:$A$310,0)),N($I28)-MAX(1,IF(ISNUMBER($P28),$P28,N($J28)))+1,'Project Info'!$H$12,Holidays!$A$6:$A$205),WORKDAY.INTL(INDEX($T$11:$T$310,MATCH($G28,$A$11:$A$310,0)),1+N($I28),'Project Info'!$H$12,Holidays!$A$6:$A$205))),0))),IF($AE28="Completed",0,N('Project Info'!$C$11)))-1,1,'Project Info'!$H$12,Holidays!$A$6:$A$205))) -> 46457 | T28: =IF(OR($S28="",$U28=""),"",IF(ISNUMBER($N28),$N28,WORKDAY.INTL($S28,$U28-1,'Project Info'!$H$12,Holidays!$A$6:$A$205))) -> 46466 | U28: =IF(OR($S28="",NOT(ISNUMBER($J28))),"",IF(ISNUMBER($N28),MAX(1,NETWORKDAYS.INTL($S28,$N28,'Project Info'!$H$12,Holidays!$A$6:$A$205)),MAX(1,IF(ISNUMBER($P28),$P28,$J28),IF(ISNUMBER($M28),NETWORKDAYS.INTL($M28,N('Project Info'!$C$11),'Project Info'!$H$12,Holidays!$A$6:$A$205),0)))) -> 9 | V28: =IF($U28="","",$U28-MAX(1,$J28)) -> 0 | W28: =IF($B28="","",IF($U28="","Enter Duration",IF($AE28="Completed",IF(NOT(ISNUMBER($N28)),"Completed - enter Actual End",IF($V28>0,"Completed - Overshoot",IF($V28<0,"Completed - Early","Completed - On Time"))),IF($AE28="On Hold","On Hold",IF($AE28="In Progress",IF($V28>0,"In Progress - Overshooting","In Progress - On Track"),IF($S28>$Q28,"Delayed Start","Not Started")))))) -> Not Started | X28: =IF(OR(NOT(ISNUMBER($R28)),NOT(ISNUMBER($T28))),"",IF($T28>=$R28,NETWORKDAYS.INTL($R28,$T28,'Project Info'!$H$12,Holidays!$A$6:$A$205)-1,-(NETWORKDAYS.INTL($T28,$R28,'Project Info'!$H$12,Holidays!$A$6:$A$205)-1))) -> 0 | Y28: =IF($B28="","",IF(AND(MAX($AC28,$AD28)>0,N($S28)>N($Q28)),"Delayed by Task #"&IF($AC28>=$AD28,$D28,$G28)&" (+"&MAX($AC28,$AD28)&"d)","")) | Z28: =IF($B28="","",COUNTIF($D$11:$D$310,$A28)+COUNTIF($G$11:$G$310,$A28)) -> 2 | AA28: =IF($B28="","",IF($AE28="Completed",1,IF($AE28="On Hold",4,IF($AE28="In Progress",2,IF(N($S28)>N($Q28),7,3))))) -> 3 | AB28: =IF($B28="","",IF(OR(AND($D28<>"",ISNUMBER(MATCH($D28,$A$11:$A$310,0))),AND($G28<>"",ISNUMBER(MATCH($G28,$A$11:$A$310,0)))),1,0)) -> 1 | AC28: =IF($D28="",0,N(IFERROR(INDEX($X$11:$X$310,MATCH($D28,$A$11:$A$310,0)),0))) -> 0 | AD28: =IF($G28="",0,N(IFERROR(INDEX($X$11:$X$310,MATCH($G28,$A$11:$A$310,0)),0))) -> 0 | AE28: =IF($B28="","",IF(ISNUMBER($N28),"Completed",IF($L28="Completed","Completed",IF($L28<>"",$L28,IF(ISNUMBER($M28),"In Progress","Not Started"))))) -> Not Started | AF28: =IF($B28="","",IF($AE28="Completed",1,MIN(1,N($O28)))) -> 0 | AG28: =IF(OR($S28="",NOT(ISNUMBER($J28))),"",WORKDAY.INTL($S28,MAX(1,$J28)-1,'Project Info'!$H$12,Holidays!$A$6:$A$205)) -> 46466 | AH28: =IF($B28="","",N($J28)*$AF28) -> 0 | AI28: =IF(ISNUMBER($R28),$R28,0) -> 46466 | AJ28: =IF(ISNUMBER($T28),$T28,0) -> 46466
A29: =IF($B29="","",ROW()-10) -> 19 | B29: FEED | Packing – Batch 1 (100/day) | C29: Packing | D29: 18 | E29: FS | F29: 0 | J29: 3 | L29: Not Started | Q29: =IF(OR($B29="",'Project Info'!$C$9=""),"",WORKDAY.INTL(MAX('Project Info'!$C$9,N($K29),IF($D29="",0,N(IFERROR(IF($E29="SS",WORKDAY.INTL(INDEX($Q$11:$Q$310,MATCH($D29,$A$11:$A$310,0)),N($F29),'Project Info'!$H$12,Holidays!$A$6:$A$205),IF($E29="FF",WORKDAY.INTL(INDEX($R$11:$R$310,MATCH($D29,$A$11:$A$310,0)),N($F29)-MAX(1,N($J29))+1,'Project Info'!$H$12,Holidays!$A$6:$A$205),WORKDAY.INTL(INDEX($R$11:$R$310,MATCH($D29,$A$11:$A$310,0)),1+N($F29),'Project Info'!$H$12,Holidays!$A$6:$A$205))),0))),IF($G29="",0,N(IFERROR(IF($H29="SS",WORKDAY.INTL(INDEX($Q$11:$Q$310,MATCH($G29,$A$11:$A$310,0)),N($I29),'Project Info'!$H$12,Holidays!$A$6:$A$205),IF($H29="FF",WORKDAY.INTL(INDEX($R$11:$R$310,MATCH($G29,$A$11:$A$310,0)),N($I29)-MAX(1,N($J29))+1,'Project Info'!$H$12,Holidays!$A$6:$A$205),WORKDAY.INTL(INDEX($R$11:$R$310,MATCH($G29,$A$11:$A$310,0)),1+N($I29),'Project Info'!$H$12,Holidays!$A$6:$A$205))),0))))-1,1,'Project Info'!$H$12,Holidays!$A$6:$A$205)) -> 46468 | R29: =IF(OR($Q29="",NOT(ISNUMBER($J29))),"",WORKDAY.INTL($Q29,MAX(1,$J29)-1,'Project Info'!$H$12,Holidays!$A$6:$A$205)) -> 46470 | S29: =IF($Q29="","",IF(ISNUMBER($M29),$M29,WORKDAY.INTL(MAX($Q29,IF($D29="",0,N(IFERROR(IF($E29="SS",WORKDAY.INTL(INDEX($S$11:$S$310,MATCH($D29,$A$11:$A$310,0)),N($F29),'Project Info'!$H$12,Holidays!$A$6:$A$205),IF($E29="FF",WORKDAY.INTL(INDEX($T$11:$T$310,MATCH($D29,$A$11:$A$310,0)),N($F29)-MAX(1,IF(ISNUMBER($P29),$P29,N($J29)))+1,'Project Info'!$H$12,Holidays!$A$6:$A$205),WORKDAY.INTL(INDEX($T$11:$T$310,MATCH($D29,$A$11:$A$310,0)),1+N($F29),'Project Info'!$H$12,Holidays!$A$6:$A$205))),0))),IF($G29="",0,N(IFERROR(IF($H29="SS",WORKDAY.INTL(INDEX($S$11:$S$310,MATCH($G29,$A$11:$A$310,0)),N($I29),'Project Info'!$H$12,Holidays!$A$6:$A$205),IF($H29="FF",WORKDAY.INTL(INDEX($T$11:$T$310,MATCH($G29,$A$11:$A$310,0)),N($I29)-MAX(1,IF(ISNUMBER($P29),$P29,N($J29)))+1,'Project Info'!$H$12,Holidays!$A$6:$A$205),WORKDAY.INTL(INDEX($T$11:$T$310,MATCH($G29,$A$11:$A$310,0)),1+N($I29),'Project Info'!$H$12,Holidays!$A$6:$A$205))),0))),IF($AE29="Completed",0,N('Project Info'!$C$11)))-1,1,'Project Info'!$H$12,Holidays!$A$6:$A$205))) -> 46468 | T29: =IF(OR($S29="",$U29=""),"",IF(ISNUMBER($N29),$N29,WORKDAY.INTL($S29,$U29-1,'Project Info'!$H$12,Holidays!$A$6:$A$205))) -> 46470 | U29: =IF(OR($S29="",NOT(ISNUMBER($J29))),"",IF(ISNUMBER($N29),MAX(1,NETWORKDAYS.INTL($S29,$N29,'Project Info'!$H$12,Holidays!$A$6:$A$205)),MAX(1,IF(ISNUMBER($P29),$P29,$J29),IF(ISNUMBER($M29),NETWORKDAYS.INTL($M29,N('Project Info'!$C$11),'Project Info'!$H$12,Holidays!$A$6:$A$205),0)))) -> 3 | V29: =IF($U29="","",$U29-MAX(1,$J29)) -> 0 | W29: =IF($B29="","",IF($U29="","Enter Duration",IF($AE29="Completed",IF(NOT(ISNUMBER($N29)),"Completed - enter Actual End",IF($V29>0,"Completed - Overshoot",IF($V29<0,"Completed - Early","Completed - On Time"))),IF($AE29="On Hold","On Hold",IF($AE29="In Progress",IF($V29>0,"In Progress - Overshooting","In Progress - On Track"),IF($S29>$Q29,"Delayed Start","Not Started")))))) -> Not Started | X29: =IF(OR(NOT(ISNUMBER($R29)),NOT(ISNUMBER($T29))),"",IF($T29>=$R29,NETWORKDAYS.INTL($R29,$T29,'Project Info'!$H$12,Holidays!$A$6:$A$205)-1,-(NETWORKDAYS.INTL($T29,$R29,'Project Info'!$H$12,Holidays!$A$6:$A$205)-1))) -> 0 | Y29: =IF($B29="","",IF(AND(MAX($AC29,$AD29)>0,N($S29)>N($Q29)),"Delayed by Task #"&IF($AC29>=$AD29,$D29,$G29)&" (+"&MAX($AC29,$AD29)&"d)","")) | Z29: =IF($B29="","",COUNTIF($D$11:$D$310,$A29)+COUNTIF($G$11:$G$310,$A29)) -> 2 | AA29: =IF($B29="","",IF($AE29="Completed",1,IF($AE29="On Hold",4,IF($AE29="In Progress",2,IF(N($S29)>N($Q29),7,3))))) -> 3 | AB29: =IF($B29="","",IF(OR(AND($D29<>"",ISNUMBER(MATCH($D29,$A$11:$A$310,0))),AND($G29<>"",ISNUMBER(MATCH($G29,$A$11:$A$310,0)))),1,0)) -> 1 | AC29: =IF($D29="",0,N(IFERROR(INDEX($X$11:$X$310,MATCH($D29,$A$11:$A$310,0)),0))) -> 0 | AD29: =IF($G29="",0,N(IFERROR(INDEX($X$11:$X$310,MATCH($G29,$A$11:$A$310,0)),0))) -> 0 | AE29: =IF($B29="","",IF(ISNUMBER($N29),"Completed",IF($L29="Completed","Completed",IF($L29<>"",$L29,IF(ISNUMBER($M29),"In Progress","Not Started"))))) -> Not Started | AF29: =IF($B29="","",IF($AE29="Completed",1,MIN(1,N($O29)))) -> 0 | AG29: =IF(OR($S29="",NOT(ISNUMBER($J29))),"",WORKDAY.INTL($S29,MAX(1,$J29)-1,'Project Info'!$H$12,Holidays!$A$6:$A$205)) -> 46470 | AH29: =IF($B29="","",N($J29)*$AF29) -> 0 | AI29: =IF(ISNUMBER($R29),$R29,0) -> 46470 | AJ29: =IF(ISNUMBER($T29),$T29,0) -> 46470
A30: =IF($B30="","",ROW()-10) -> 20 | B30: FEED | Dispatch – Vehicle 1 (150 sets) | C30: Logistics | D30: 19 | E30: SS | F30: 2 | J30: 1 | L30: Not Started | Q30: =IF(OR($B30="",'Project Info'!$C$9=""),"",WORKDAY.INTL(MAX('Project Info'!$C$9,N($K30),IF($D30="",0,N(IFERROR(IF($E30="SS",WORKDAY.INTL(INDEX($Q$11:$Q$310,MATCH($D30,$A$11:$A$310,0)),N($F30),'Project Info'!$H$12,Holidays!$A$6:$A$205),IF($E30="FF",WORKDAY.INTL(INDEX($R$11:$R$310,MATCH($D30,$A$11:$A$310,0)),N($F30)-MAX(1,N($J30))+1,'Project Info'!$H$12,Holidays!$A$6:$A$205),WORKDAY.INTL(INDEX($R$11:$R$310,MATCH($D30,$A$11:$A$310,0)),1+N($F30),'Project Info'!$H$12,Holidays!$A$6:$A$205))),0))),IF($G30="",0,N(IFERROR(IF($H30="SS",WORKDAY.INTL(INDEX($Q$11:$Q$310,MATCH($G30,$A$11:$A$310,0)),N($I30),'Project Info'!$H$12,Holidays!$A$6:$A$205),IF($H30="FF",WORKDAY.INTL(INDEX($R$11:$R$310,MATCH($G30,$A$11:$A$310,0)),N($I30)-MAX(1,N($J30))+1,'Project Info'!$H$12,Holidays!$A$6:$A$205),WORKDAY.INTL(INDEX($R$11:$R$310,MATCH($G30,$A$11:$A$310,0)),1+N($I30),'Project Info'!$H$12,Holidays!$A$6:$A$205))),0))))-1,1,'Project Info'!$H$12,Holidays!$A$6:$A$205)) -> 46470 | R30: =IF(OR($Q30="",NOT(ISNUMBER($J30))),"",WORKDAY.INTL($Q30,MAX(1,$J30)-1,'Project Info'!$H$12,Holidays!$A$6:$A$205)) -> 46470 | S30: =IF($Q30="","",IF(ISNUMBER($M30),$M30,WORKDAY.INTL(MAX($Q30,IF($D30="",0,N(IFERROR(IF($E30="SS",WORKDAY.INTL(INDEX($S$11:$S$310,MATCH($D30,$A$11:$A$310,0)),N($F30),'Project Info'!$H$12,Holidays!$A$6:$A$205),IF($E30="FF",WORKDAY.INTL(INDEX($T$11:$T$310,MATCH($D30,$A$11:$A$310,0)),N($F30)-MAX(1,IF(ISNUMBER($P30),$P30,N($J30)))+1,'Project Info'!$H$12,Holidays!$A$6:$A$205),WORKDAY.INTL(INDEX($T$11:$T$310,MATCH($D30,$A$11:$A$310,0)),1+N($F30),'Project Info'!$H$12,Holidays!$A$6:$A$205))),0))),IF($G30="",0,N(IFERROR(IF($H30="SS",WORKDAY.INTL(INDEX($S$11:$S$310,MATCH($G30,$A$11:$A$310,0)),N($I30),'Project Info'!$H$12,Holidays!$A$6:$A$205),IF($H30="FF",WORKDAY.INTL(INDEX($T$11:$T$310,MATCH($G30,$A$11:$A$310,0)),N($I30)-MAX(1,IF(ISNUMBER($P30),$P30,N($J30)))+1,'Project Info'!$H$12,Holidays!$A$6:$A$205),WORKDAY.INTL(INDEX($T$11:$T$310,MATCH($G30,$A$11:$A$310,0)),1+N($I30),'Project Info'!$H$12,Holidays!$A$6:$A$205))),0))),IF($AE30="Completed",0,N('Project Info'!$C$11)))-1,1,'Project Info'!$H$12,Holidays!$A$6:$A$205))) -> 46470 | T30: =IF(OR($S30="",$U30=""),"",IF(ISNUMBER($N30),$N30,WORKDAY.INTL($S30,$U30-1,'Project Info'!$H$12,Holidays!$A$6:$A$205))) -> 46470 | U30: =IF(OR($S30="",NOT(ISNUMBER($J30))),"",IF(ISNUMBER($N30),MAX(1,NETWORKDAYS.INTL($S30,$N30,'Project Info'!$H$12,Holidays!$A$6:$A$205)),MAX(1,IF(ISNUMBER($P30),$P30,$J30),IF(ISNUMBER($M30),NETWORKDAYS.INTL($M30,N('Project Info'!$C$11),'Project Info'!$H$12,Holidays!$A$6:$A$205),0)))) -> 1 | V30: =IF($U30="","",$U30-MAX(1,$J30)) -> 0 | W30: =IF($B30="","",IF($U30="","Enter Duration",IF($AE30="Completed",IF(NOT(ISNUMBER($N30)),"Completed - enter Actual End",IF($V30>0,"Completed - Overshoot",IF($V30<0,"Completed - Early","Completed - On Time"))),IF($AE30="On Hold","On Hold",IF($AE30="In Progress",IF($V30>0,"In Progress - Overshooting","In Progress - On Track"),IF($S30>$Q30,"Delayed Start","Not Started")))))) -> Not Started | X30: =IF(OR(NOT(ISNUMBER($R30)),NOT(ISNUMBER($T30))),"",IF($T30>=$R30,NETWORKDAYS.INTL($R30,$T30,'Project Info'!$H$12,Holidays!$A$6:$A$205)-1,-(NETWORKDAYS.INTL($T30,$R30,'Project Info'!$H$12,Holidays!$A$6:$A$205)-1))) -> 0 | Y30: =IF($B30="","",IF(AND(MAX($AC30,$AD30)>0,N($S30)>N($Q30)),"Delayed by Task #"&IF($AC30>=$AD30,$D30,$G30)&" (+"&MAX($AC30,$AD30)&"d)","")) | Z30: =IF($B30="","",COUNTIF($D$11:$D$310,$A30)+COUNTIF($G$11:$G$310,$A30)) -> 0 | AA30: =IF($B30="","",IF($AE30="Completed",1,IF($AE30="On Hold",4,IF($AE30="In Progress",2,IF(N($S30)>N($Q30),7,3))))) -> 3 | AB30: =IF($B30="","",IF(OR(AND($D30<>"",ISNUMBER(MATCH($D30,$A$11:$A$310,0))),AND($G30<>"",ISNUMBER(MATCH($G30,$A$11:$A$310,0)))),1,0)) -> 1 | AC30: =IF($D30="",0,N(IFERROR(INDEX($X$11:$X$310,MATCH($D30,$A$11:$A$310,0)),0))) -> 0 | AD30: =IF($G30="",0,N(IFERROR(INDEX($X$11:$X$310,MATCH($G30,$A$11:$A$310,0)),0))) -> 0 | AE30: =IF($B30="","",IF(ISNUMBER($N30),"Completed",IF($L30="Completed","Completed",IF($L30<>"",$L30,IF(ISNUMBER($M30),"In Progress","Not Started"))))) -> Not Started | AF30: =IF($B30="","",IF($AE30="Completed",1,MIN(1,N($O30)))) -> 0 | AG30: =IF(OR($S30="",NOT(ISNUMBER($J30))),"",WORKDAY.INTL($S30,MAX(1,$J30)-1,'Project Info'!$H$12,Holidays!$A$6:$A$205)) -> 46470 | AH30: =IF($B30="","",N($J30)*$AF30) -> 0 | AI30: =IF(ISNUMBER($R30),$R30,0) -> 46470 | AJ30: =IF(ISNUMBER($T30),$T30,0) -> 46470
A31: =IF($B31="","",ROW()-10) -> 21 | B31: FEED | Transport Batch 2 (250 sets) | C31: Logistics | D31: 15 | E31: FS | F31: 0 | J31: 1 | L31: Not Started | Q31: =IF(OR($B31="",'Project Info'!$C$9=""),"",WORKDAY.INTL(MAX('Project Info'!$C$9,N($K31),IF($D31="",0,N(IFERROR(IF($E31="SS",WORKDAY.INTL(INDEX($Q$11:$Q$310,MATCH($D31,$A$11:$A$310,0)),N($F31),'Project Info'!$H$12,Holidays!$A$6:$A$205),IF($E31="FF",WORKDAY.INTL(INDEX($R$11:$R$310,MATCH($D31,$A$11:$A$310,0)),N($F31)-MAX(1,N($J31))+1,'Project Info'!$H$12,Holidays!$A$6:$A$205),WORKDAY.INTL(INDEX($R$11:$R$310,MATCH($D31,$A$11:$A$310,0)),1+N($F31),'Project Info'!$H$12,Holidays!$A$6:$A$205))),0))),IF($G31="",0,N(IFERROR(IF($H31="SS",WORKDAY.INTL(INDEX($Q$11:$Q$310,MATCH($G31,$A$11:$A$310,0)),N($I31),'Project Info'!$H$12,Holidays!$A$6:$A$205),IF($H31="FF",WORKDAY.INTL(INDEX($R$11:$R$310,MATCH($G31,$A$11:$A$310,0)),N($I31)-MAX(1,N($J31))+1,'Project Info'!$H$12,Holidays!$A$6:$A$205),WORKDAY.INTL(INDEX($R$11:$R$310,MATCH($G31,$A$11:$A$310,0)),1+N($I31),'Project Info'!$H$12,Holidays!$A$6:$A$205))),0))))-1,1,'Project Info'!$H$12,Holidays!$A$6:$A$205)) -> 46444 | R31: =IF(OR($Q31="",NOT(ISNUMBER($J31))),"",WORKDAY.INTL($Q31,MAX(1,$J31)-1,'Project Info'!$H$12,Holidays!$A$6:$A$205)) -> 46444 | S31: =IF($Q31="","",IF(ISNUMBER($M31),$M31,WORKDAY.INTL(MAX($Q31,IF($D31="",0,N(IFERROR(IF($E31="SS",WORKDAY.INTL(INDEX($S$11:$S$310,MATCH($D31,$A$11:$A$310,0)),N($F31),'Project Info'!$H$12,Holidays!$A$6:$A$205),IF($E31="FF",WORKDAY.INTL(INDEX($T$11:$T$310,MATCH($D31,$A$11:$A$310,0)),N($F31)-MAX(1,IF(ISNUMBER($P31),$P31,N($J31)))+1,'Project Info'!$H$12,Holidays!$A$6:$A$205),WORKDAY.INTL(INDEX($T$11:$T$310,MATCH($D31,$A$11:$A$310,0)),1+N($F31),'Project Info'!$H$12,Holidays!$A$6:$A$205))),0))),IF($G31="",0,N(IFERROR(IF($H31="SS",WORKDAY.INTL(INDEX($S$11:$S$310,MATCH($G31,$A$11:$A$310,0)),N($I31),'Project Info'!$H$12,Holidays!$A$6:$A$205),IF($H31="FF",WORKDAY.INTL(INDEX($T$11:$T$310,MATCH($G31,$A$11:$A$310,0)),N($I31)-MAX(1,IF(ISNUMBER($P31),$P31,N($J31)))+1,'Project Info'!$H$12,Holidays!$A$6:$A$205),WORKDAY.INTL(INDEX($T$11:$T$310,MATCH($G31,$A$11:$A$310,0)),1+N($I31),'Project Info'!$H$12,Holidays!$A$6:$A$205))),0))),IF($AE31="Completed",0,N('Project Info'!$C$11)))-1,1,'Project Info'!$H$12,Holidays!$A$6:$A$205))) -> 46444 | T31: =IF(OR($S31="",$U31=""),"",IF(ISNUMBER($N31),$N31,WORKDAY.INTL($S31,$U31-1,'Project Info'!$H$12,Holidays!$A$6:$A$205))) -> 46444 | U31: =IF(OR($S31="",NOT(ISNUMBER($J31))),"",IF(ISNUMBER($N31),MAX(1,NETWORKDAYS.INTL($S31,$N31,'Project Info'!$H$12,Holidays!$A$6:$A$205)),MAX(1,IF(ISNUMBER($P31),$P31,$J31),IF(ISNUMBER($M31),NETWORKDAYS.INTL($M31,N('Project Info'!$C$11),'Project Info'!$H$12,Holidays!$A$6:$A$205),0)))) -> 1 | V31: =IF($U31="","",$U31-MAX(1,$J31)) -> 0 | W31: =IF($B31="","",IF($U31="","Enter Duration",IF($AE31="Completed",IF(NOT(ISNUMBER($N31)),"Completed - enter Actual End",IF($V31>0,"Completed - Overshoot",IF($V31<0,"Completed - Early","Completed - On Time"))),IF($AE31="On Hold","On Hold",IF($AE31="In Progress",IF($V31>0,"In Progress - Overshooting","In Progress - On Track"),IF($S31>$Q31,"Delayed Start","Not Started")))))) -> Not Started | X31: =IF(OR(NOT(ISNUMBER($R31)),NOT(ISNUMBER($T31))),"",IF($T31>=$R31,NETWORKDAYS.INTL($R31,$T31,'Project Info'!$H$12,Holidays!$A$6:$A$205)-1,-(NETWORKDAYS.INTL($T31,$R31,'Project Info'!$H$12,Holidays!$A$6:$A$205)-1))) -> 0 | Y31: =IF($B31="","",IF(AND(MAX($AC31,$AD31)>0,N($S31)>N($Q31)),"Delayed by Task #"&IF($AC31>=$AD31,$D31,$G31)&" (+"&MAX($AC31,$AD31)&"d)","")) | Z31: =IF($B31="","",COUNTIF($D$11:$D$310,$A31)+COUNTIF($G$11:$G$310,$A31)) -> 1 | AA31: =IF($B31="","",IF($AE31="Completed",1,IF($AE31="On Hold",4,IF($AE31="In Progress",2,IF(N($S31)>N($Q31),7,3))))) -> 3 | AB31: =IF($B31="","",IF(OR(AND($D31<>"",ISNUMBER(MATCH($D31,$A$11:$A$310,0))),AND($G31<>"",ISNUMBER(MATCH($G31,$A$11:$A$310,0)))),1,0)) -> 1 | AC31: =IF($D31="",0,N(IFERROR(INDEX($X$11:$X$310,MATCH($D31,$A$11:$A$310,0)),0))) -> 0 | AD31: =IF($G31="",0,N(IFERROR(INDEX($X$11:$X$310,MATCH($G31,$A$11:$A$310,0)),0))) -> 0 | AE31: =IF($B31="","",IF(ISNUMBER($N31),"Completed",IF($L31="Completed","Completed",IF($L31<>"",$L31,IF(ISNUMBER($M31),"In Progress","Not Started"))))) -> Not Started | AF31: =IF($B31="","",IF($AE31="Completed",1,MIN(1,N($O31)))) -> 0 | AG31: =IF(OR($S31="",NOT(ISNUMBER($J31))),"",WORKDAY.INTL($S31,MAX(1,$J31)-1,'Project Info'!$H$12,Holidays!$A$6:$A$205)) -> 46444 | AH31: =IF($B31="","",N($J31)*$AF31) -> 0 | AI31: =IF(ISNUMBER($R31),$R31,0) -> 46444 | AJ31: =IF(ISNUMBER($T31),$T31,0) -> 46444
A32: =IF($B32="","",ROW()-10) -> 22 | B32: FEED | Finishing – Batch 2 (1,500 components) | C32: Finishing | D32: 21 | E32: FS | F32: 0 | G32: 17 | H32: FS | I32: 0 | J32: 25 | L32: Not Started | Q32: =IF(OR($B32="",'Project Info'!$C$9=""),"",WORKDAY.INTL(MAX('Project Info'!$C$9,N($K32),IF($D32="",0,N(IFERROR(IF($E32="SS",WORKDAY.INTL(INDEX($Q$11:$Q$310,MATCH($D32,$A$11:$A$310,0)),N($F32),'Project Info'!$H$12,Holidays!$A$6:$A$205),IF($E32="FF",WORKDAY.INTL(INDEX($R$11:$R$310,MATCH($D32,$A$11:$A$310,0)),N($F32)-MAX(1,N($J32))+1,'Project Info'!$H$12,Holidays!$A$6:$A$205),WORKDAY.INTL(INDEX($R$11:$R$310,MATCH($D32,$A$11:$A$310,0)),1+N($F32),'Project Info'!$H$12,Holidays!$A$6:$A$205))),0))),IF($G32="",0,N(IFERROR(IF($H32="SS",WORKDAY.INTL(INDEX($Q$11:$Q$310,MATCH($G32,$A$11:$A$310,0)),N($I32),'Project Info'!$H$12,Holidays!$A$6:$A$205),IF($H32="FF",WORKDAY.INTL(INDEX($R$11:$R$310,MATCH($G32,$A$11:$A$310,0)),N($I32)-MAX(1,N($J32))+1,'Project Info'!$H$12,Holidays!$A$6:$A$205),WORKDAY.INTL(INDEX($R$11:$R$310,MATCH($G32,$A$11:$A$310,0)),1+N($I32),'Project Info'!$H$12,Holidays!$A$6:$A$205))),0))))-1,1,'Project Info'!$H$12,Holidays!$A$6:$A$205)) -> 46457 | R32: =IF(OR($Q32="",NOT(ISNUMBER($J32))),"",WORKDAY.INTL($Q32,MAX(1,$J32)-1,'Project Info'!$H$12,Holidays!$A$6:$A$205)) -> 46485 | S32: =IF($Q32="","",IF(ISNUMBER($M32),$M32,WORKDAY.INTL(MAX($Q32,IF($D32="",0,N(IFERROR(IF($E32="SS",WORKDAY.INTL(INDEX($S$11:$S$310,MATCH($D32,$A$11:$A$310,0)),N($F32),'Project Info'!$H$12,Holidays!$A$6:$A$205),IF($E32="FF",WORKDAY.INTL(INDEX($T$11:$T$310,MATCH($D32,$A$11:$A$310,0)),N($F32)-MAX(1,IF(ISNUMBER($P32),$P32,N($J32)))+1,'Project Info'!$H$12,Holidays!$A$6:$A$205),WORKDAY.INTL(INDEX($T$11:$T$310,MATCH($D32,$A$11:$A$310,0)),1+N($F32),'Project Info'!$H$12,Holidays!$A$6:$A$205))),0))),IF($G32="",0,N(IFERROR(IF($H32="SS",WORKDAY.INTL(INDEX($S$11:$S$310,MATCH($G32,$A$11:$A$310,0)),N($I32),'Project Info'!$H$12,Holidays!$A$6:$A$205),IF($H32="FF",WORKDAY.INTL(INDEX($T$11:$T$310,MATCH($G32,$A$11:$A$310,0)),N($I32)-MAX(1,IF(ISNUMBER($P32),$P32,N($J32)))+1,'Project Info'!$H$12,Holidays!$A$6:$A$205),WORKDAY.INTL(INDEX($T$11:$T$310,MATCH($G32,$A$11:$A$310,0)),1+N($I32),'Project Info'!$H$12,Holidays!$A$6:$A$205))),0))),IF($AE32="Completed",0,N('Project Info'!$C$11)))-1,1,'Project Info'!$H$12,Holidays!$A$6:$A$205))) -> 46457 | T32: =IF(OR($S32="",$U32=""),"",IF(ISNUMBER($N32),$N32,WORKDAY.INTL($S32,$U32-1,'Project Info'!$H$12,Holidays!$A$6:$A$205))) -> 46485 | U32: =IF(OR($S32="",NOT(ISNUMBER($J32))),"",IF(ISNUMBER($N32),MAX(1,NETWORKDAYS.INTL($S32,$N32,'Project Info'!$H$12,Holidays!$A$6:$A$205)),MAX(1,IF(ISNUMBER($P32),$P32,$J32),IF(ISNUMBER($M32),NETWORKDAYS.INTL($M32,N('Project Info'!$C$11),'Project Info'!$H$12,Holidays!$A$6:$A$205),0)))) -> 25 | V32: =IF($U32="","",$U32-MAX(1,$J32)) -> 0 | W32: =IF($B32="","",IF($U32="","Enter Duration",IF($AE32="Completed",IF(NOT(ISNUMBER($N32)),"Completed - enter Actual End",IF($V32>0,"Completed - Overshoot",IF($V32<0,"Completed - Early","Completed - On Time"))),IF($AE32="On Hold","On Hold",IF($AE32="In Progress",IF($V32>0,"In Progress - Overshooting","In Progress - On Track"),IF($S32>$Q32,"Delayed Start","Not Started")))))) -> Not Started | X32: =IF(OR(NOT(ISNUMBER($R32)),NOT(ISNUMBER($T32))),"",IF($T32>=$R32,NETWORKDAYS.INTL($R32,$T32,'Project Info'!$H$12,Holidays!$A$6:$A$205)-1,-(NETWORKDAYS.INTL($T32,$R32,'Project Info'!$H$12,Holidays!$A$6:$A$205)-1))) -> 0 | Y32: =IF($B32="","",IF(AND(MAX($AC32,$AD32)>0,N($S32)>N($Q32)),"Delayed by Task #"&IF($AC32>=$AD32,$D32,$G32)&" (+"&MAX($AC32,$AD32)&"d)","")) | Z32: =IF($B32="","",COUNTIF($D$11:$D$310,$A32)+COUNTIF($G$11:$G$310,$A32)) -> 1 | AA32: =IF($B32="","",IF($AE32="Completed",1,IF($AE32="On Hold",4,IF($AE32="In Progress",2,IF(N($S32)>N($Q32),7,3))))) -> 3 | AB32: =IF($B32="","",IF(OR(AND($D32<>"",ISNUMBER(MATCH($D32,$A$11:$A$310,0))),AND($G32<>"",ISNUMBER(MATCH($G32,$A$11:$A$310,0)))),1,0)) -> 1 | AC32: =IF($D32="",0,N(IFERROR(INDEX($X$11:$X$310,MATCH($D32,$A$11:$A$310,0)),0))) -> 0 | AD32: =IF($G32="",0,N(IFERROR(INDEX($X$11:$X$310,MATCH($G32,$A$11:$A$310,0)),0))) -> 0 | AE32: =IF($B32="","",IF(ISNUMBER($N32),"Completed",IF($L32="Completed","Completed",IF($L32<>"",$L32,IF(ISNUMBER($M32),"In Progress","Not Started"))))) -> Not Started | AF32: =IF($B32="","",IF($AE32="Completed",1,MIN(1,N($O32)))) -> 0 | AG32: =IF(OR($S32="",NOT(ISNUMBER($J32))),"",WORKDAY.INTL($S32,MAX(1,$J32)-1,'Project Info'!$H$12,Holidays!$A$6:$A$205)) -> 46485 | AH32: =IF($B32="","",N($J32)*$AF32) -> 0 | AI32: =IF(ISNUMBER($R32),$R32,0) -> 46485 | AJ32: =IF(ISNUMBER($T32),$T32,0) -> 46485
A33: =IF($B33="","",ROW()-10) -> 23 | B33: FEED | Assembly & testing – Batch 2 (250 sets) | C33: Assembly & QA | D33: 22 | E33: FS | F33: 0 | G33: 18 | H33: FS | I33: 0 | J33: 9 | L33: Not Started | Q33: =IF(OR($B33="",'Project Info'!$C$9=""),"",WORKDAY.INTL(MAX('Project Info'!$C$9,N($K33),IF($D33="",0,N(IFERROR(IF($E33="SS",WORKDAY.INTL(INDEX($Q$11:$Q$310,MATCH($D33,$A$11:$A$310,0)),N($F33),'Project Info'!$H$12,Holidays!$A$6:$A$205),IF($E33="FF",WORKDAY.INTL(INDEX($R$11:$R$310,MATCH($D33,$A$11:$A$310,0)),N($F33)-MAX(1,N($J33))+1,'Project Info'!$H$12,Holidays!$A$6:$A$205),WORKDAY.INTL(INDEX($R$11:$R$310,MATCH($D33,$A$11:$A$310,0)),1+N($F33),'Project Info'!$H$12,Holidays!$A$6:$A$205))),0))),IF($G33="",0,N(IFERROR(IF($H33="SS",WORKDAY.INTL(INDEX($Q$11:$Q$310,MATCH($G33,$A$11:$A$310,0)),N($I33),'Project Info'!$H$12,Holidays!$A$6:$A$205),IF($H33="FF",WORKDAY.INTL(INDEX($R$11:$R$310,MATCH($G33,$A$11:$A$310,0)),N($I33)-MAX(1,N($J33))+1,'Project Info'!$H$12,Holidays!$A$6:$A$205),WORKDAY.INTL(INDEX($R$11:$R$310,MATCH($G33,$A$11:$A$310,0)),1+N($I33),'Project Info'!$H$12,Holidays!$A$6:$A$205))),0))))-1,1,'Project Info'!$H$12,Holidays!$A$6:$A$205)) -> 46486 | R33: =IF(OR($Q33="",NOT(ISNUMBER($J33))),"",WORKDAY.INTL($Q33,MAX(1,$J33)-1,'Project Info'!$H$12,Holidays!$A$6:$A$205)) -> 46496 | S33: =IF($Q33="","",IF(ISNUMBER($M33),$M33,WORKDAY.INTL(MAX($Q33,IF($D33="",0,N(IFERROR(IF($E33="SS",WORKDAY.INTL(INDEX($S$11:$S$310,MATCH($D33,$A$11:$A$310,0)),N($F33),'Project Info'!$H$12,Holidays!$A$6:$A$205),IF($E33="FF",WORKDAY.INTL(INDEX($T$11:$T$310,MATCH($D33,$A$11:$A$310,0)),N($F33)-MAX(1,IF(ISNUMBER($P33),$P33,N($J33)))+1,'Project Info'!$H$12,Holidays!$A$6:$A$205),WORKDAY.INTL(INDEX($T$11:$T$310,MATCH($D33,$A$11:$A$310,0)),1+N($F33),'Project Info'!$H$12,Holidays!$A$6:$A$205))),0))),IF($G33="",0,N(IFERROR(IF($H33="SS",WORKDAY.INTL(INDEX($S$11:$S$310,MATCH($G33,$A$11:$A$310,0)),N($I33),'Project Info'!$H$12,Holidays!$A$6:$A$205),IF($H33="FF",WORKDAY.INTL(INDEX($T$11:$T$310,MATCH($G33,$A$11:$A$310,0)),N($I33)-MAX(1,IF(ISNUMBER($P33),$P33,N($J33)))+1,'Project Info'!$H$12,Holidays!$A$6:$A$205),WORKDAY.INTL(INDEX($T$11:$T$310,MATCH($G33,$A$11:$A$310,0)),1+N($I33),'Project Info'!$H$12,Holidays!$A$6:$A$205))),0))),IF($AE33="Completed",0,N('Project Info'!$C$11)))-1,1,'Project Info'!$H$12,Holidays!$A$6:$A$205))) -> 46486 | T33: =IF(OR($S33="",$U33=""),"",IF(ISNUMBER($N33),$N33,WORKDAY.INTL($S33,$U33-1,'Project Info'!$H$12,Holidays!$A$6:$A$205))) -> 46496 | U33: =IF(OR($S33="",NOT(ISNUMBER($J33))),"",IF(ISNUMBER($N33),MAX(1,NETWORKDAYS.INTL($S33,$N33,'Project Info'!$H$12,Holidays!$A$6:$A$205)),MAX(1,IF(ISNUMBER($P33),$P33,$J33),IF(ISNUMBER($M33),NETWORKDAYS.INTL($M33,N('Project Info'!$C$11),'Project Info'!$H$12,Holidays!$A$6:$A$205),0)))) -> 9 | V33: =IF($U33="","",$U33-MAX(1,$J33)) -> 0 | W33: =IF($B33="","",IF($U33="","Enter Duration",IF($AE33="Completed",IF(NOT(ISNUMBER($N33)),"Completed - enter Actual End",IF($V33>0,"Completed - Overshoot",IF($V33<0,"Completed - Early","Completed - On Time"))),IF($AE33="On Hold","On Hold",IF($AE33="In Progress",IF($V33>0,"In Progress - Overshooting","In Progress - On Track"),IF($S33>$Q33,"Delayed Start","Not Started")))))) -> Not Started | X33: =IF(OR(NOT(ISNUMBER($R33)),NOT(ISNUMBER($T33))),"",IF($T33>=$R33,NETWORKDAYS.INTL($R33,$T33,'Project Info'!$H$12,Holidays!$A$6:$A$205)-1,-(NETWORKDAYS.INTL($T33,$R33,'Project Info'!$H$12,Holidays!$A$6:$A$205)-1))) -> 0 | Y33: =IF($B33="","",IF(AND(MAX($AC33,$AD33)>0,N($S33)>N($Q33)),"Delayed by Task #"&IF($AC33>=$AD33,$D33,$G33)&" (+"&MAX($AC33,$AD33)&"d)","")) | Z33: =IF($B33="","",COUNTIF($D$11:$D$310,$A33)+COUNTIF($G$11:$G$310,$A33)) -> 1 | AA33: =IF($B33="","",IF($AE33="Completed",1,IF($AE33="On Hold",4,IF($AE33="In Progress",2,IF(N($S33)>N($Q33),7,3))))) -> 3 | AB33: =IF($B33="","",IF(OR(AND($D33<>"",ISNUMBER(MATCH($D33,$A$11:$A$310,0))),AND($G33<>"",ISNUMBER(MATCH($G33,$A$11:$A$310,0)))),1,0)) -> 1 | AC33: =IF($D33="",0,N(IFERROR(INDEX($X$11:$X$310,MATCH($D33,$A$11:$A$310,0)),0))) -> 0 | AD33: =IF($G33="",0,N(IFERROR(INDEX($X$11:$X$310,MATCH($G33,$A$11:$A$310,0)),0))) -> 0 | AE33: =IF($B33="","",IF(ISNUMBER($N33),"Completed",IF($L33="Completed","Completed",IF($L33<>"",$L33,IF(ISNUMBER($M33),"In Progress","Not Started"))))) -> Not Started | AF33: =IF($B33="","",IF($AE33="Completed",1,MIN(1,N($O33)))) -> 0 | AG33: =IF(OR($S33="",NOT(ISNUMBER($J33))),"",WORKDAY.INTL($S33,MAX(1,$J33)-1,'Project Info'!$H$12,Holidays!$A$6:$A$205)) -> 46496 | AH33: =IF($B33="","",N($J33)*$AF33) -> 0 | AI33: =IF(ISNUMBER($R33),$R33,0) -> 46496 | AJ33: =IF(ISNUMBER($T33),$T33,0) -> 46496
A34: =IF($B34="","",ROW()-10) -> 24 | B34: FEED | Packing – Batch 2 (100/day) | C34: Packing | D34: 23 | E34: FS | F34: 0 | G34: 19 | H34: FS | I34: 0 | J34: 3 | L34: Not Started | Q34: =IF(OR($B34="",'Project Info'!$C$9=""),"",WORKDAY.INTL(MAX('Project Info'!$C$9,N($K34),IF($D34="",0,N(IFERROR(IF($E34="SS",WORKDAY.INTL(INDEX($Q$11:$Q$310,MATCH($D34,$A$11:$A$310,0)),N($F34),'Project Info'!$H$12,Holidays!$A$6:$A$205),IF($E34="FF",WORKDAY.INTL(INDEX($R$11:$R$310,MATCH($D34,$A$11:$A$310,0)),N($F34)-MAX(1,N($J34))+1,'Project Info'!$H$12,Holidays!$A$6:$A$205),WORKDAY.INTL(INDEX($R$11:$R$310,MATCH($D34,$A$11:$A$310,0)),1+N($F34),'Project Info'!$H$12,Holidays!$A$6:$A$205))),0))),IF($G34="",0,N(IFERROR(IF($H34="SS",WORKDAY.INTL(INDEX($Q$11:$Q$310,MATCH($G34,$A$11:$A$310,0)),N($I34),'Project Info'!$H$12,Holidays!$A$6:$A$205),IF($H34="FF",WORKDAY.INTL(INDEX($R$11:$R$310,MATCH($G34,$A$11:$A$310,0)),N($I34)-MAX(1,N($J34))+1,'Project Info'!$H$12,Holidays!$A$6:$A$205),WORKDAY.INTL(INDEX($R$11:$R$310,MATCH($G34,$A$11:$A$310,0)),1+N($I34),'Project Info'!$H$12,Holidays!$A$6:$A$205))),0))))-1,1,'Project Info'!$H$12,Holidays!$A$6:$A$205)) -> 46497 | R34: =IF(OR($Q34="",NOT(ISNUMBER($J34))),"",WORKDAY.INTL($Q34,MAX(1,$J34)-1,'Project Info'!$H$12,Holidays!$A$6:$A$205)) -> 46499 | S34: =IF($Q34="","",IF(ISNUMBER($M34),$M34,WORKDAY.INTL(MAX($Q34,IF($D34="",0,N(IFERROR(IF($E34="SS",WORKDAY.INTL(INDEX($S$11:$S$310,MATCH($D34,$A$11:$A$310,0)),N($F34),'Project Info'!$H$12,Holidays!$A$6:$A$205),IF($E34="FF",WORKDAY.INTL(INDEX($T$11:$T$310,MATCH($D34,$A$11:$A$310,0)),N($F34)-MAX(1,IF(ISNUMBER($P34),$P34,N($J34)))+1,'Project Info'!$H$12,Holidays!$A$6:$A$205),WORKDAY.INTL(INDEX($T$11:$T$310,MATCH($D34,$A$11:$A$310,0)),1+N($F34),'Project Info'!$H$12,Holidays!$A$6:$A$205))),0))),IF($G34="",0,N(IFERROR(IF($H34="SS",WORKDAY.INTL(INDEX($S$11:$S$310,MATCH($G34,$A$11:$A$310,0)),N($I34),'Project Info'!$H$12,Holidays!$A$6:$A$205),IF($H34="FF",WORKDAY.INTL(INDEX($T$11:$T$310,MATCH($G34,$A$11:$A$310,0)),N($I34)-MAX(1,IF(ISNUMBER($P34),$P34,N($J34)))+1,'Project Info'!$H$12,Holidays!$A$6:$A$205),WORKDAY.INTL(INDEX($T$11:$T$310,MATCH($G34,$A$11:$A$310,0)),1+N($I34),'Project Info'!$H$12,Holidays!$A$6:$A$205))),0))),IF($AE34="Completed",0,N('Project Info'!$C$11)))-1,1,'Project Info'!$H$12,Holidays!$A$6:$A$205))) -> 46497 | T34: =IF(OR($S34="",$U34=""),"",IF(ISNUMBER($N34),$N34,WORKDAY.INTL($S34,$U34-1,'Project Info'!$H$12,Holidays!$A$6:$A$205))) -> 46499 | U34: =IF(OR($S34="",NOT(ISNUMBER($J34))),"",IF(ISNUMBER($N34),MAX(1,NETWORKDAYS.INTL($S34,$N34,'Project Info'!$H$12,Holidays!$A$6:$A$205)),MAX(1,IF(ISNUMBER($P34),$P34,$J34),IF(ISNUMBER($M34),NETWORKDAYS.INTL($M34,N('Project Info'!$C$11),'Project Info'!$H$12,Holidays!$A$6:$A$205),0)))) -> 3 | V34: =IF($U34="","",$U34-MAX(1,$J34)) -> 0 | W34: =IF($B34="","",IF($U34="","Enter Duration",IF($AE34="Completed",IF(NOT(ISNUMBER($N34)),"Completed - enter Actual End",IF($V34>0,"Completed - Overshoot",IF($V34<0,"Completed - Early","Completed - On Time"))),IF($AE34="On Hold","On Hold",IF($AE34="In Progress",IF($V34>0,"In Progress - Overshooting","In Progress - On Track"),IF($S34>$Q34,"Delayed Start","Not Started")))))) -> Not Started | X34: =IF(OR(NOT(ISNUMBER($R34)),NOT(ISNUMBER($T34))),"",IF($T34>=$R34,NETWORKDAYS.INTL($R34,$T34,'Project Info'!$H$12,Holidays!$A$6:$A$205)-1,-(NETWORKDAYS.INTL($T34,$R34,'Project Info'!$H$12,Holidays!$A$6:$A$205)-1))) -> 0 | Y34: =IF($B34="","",IF(AND(MAX($AC34,$AD34)>0,N($S34)>N($Q34)),"Delayed by Task #"&IF($AC34>=$AD34,$D34,$G34)&" (+"&MAX($AC34,$AD34)&"d)","")) | Z34: =IF($B34="","",COUNTIF($D$11:$D$310,$A34)+COUNTIF($G$11:$G$310,$A34)) -> 2 | AA34: =IF($B34="","",IF($AE34="Completed",1,IF($AE34="On Hold",4,IF($AE34="In Progress",2,IF(N($S34)>N($Q34),7,3))))) -> 3 | AB34: =IF($B34="","",IF(OR(AND($D34<>"",ISNUMBER(MATCH($D34,$A$11:$A$310,0))),AND($G34<>"",ISNUMBER(MATCH($G34,$A$11:$A$310,0)))),1,0)) -> 1 | AC34: =IF($D34="",0,N(IFERROR(INDEX($X$11:$X$310,MATCH($D34,$A$11:$A$310,0)),0))) -> 0 | AD34: =IF($G34="",0,N(IFERROR(INDEX($X$11:$X$310,MATCH($G34,$A$11:$A$310,0)),0))) -> 0 | AE34: =IF($B34="","",IF(ISNUMBER($N34),"Completed",IF($L34="Completed","Completed",IF($L34<>"",$L34,IF(ISNUMBER($M34),"In Progress","Not Started"))))) -> Not Started | AF34: =IF($B34="","",IF($AE34="Completed",1,MIN(1,N($O34)))) -> 0 | AG34: =IF(OR($S34="",NOT(ISNUMBER($J34))),"",WORKDAY.INTL($S34,MAX(1,$J34)-1,'Project Info'!$H$12,Holidays!$A$6:$A$205)) -> 46499 | AH34: =IF($B34="","",N($J34)*$AF34) -> 0 | AI34: =IF(ISNUMBER($R34),$R34,0) -> 46499 | AJ34: =IF(ISNUMBER($T34),$T34,0) -> 46499
A35: =IF($B35="","",ROW()-10) -> 25 | B35: FEED | Dispatch – Vehicles 2-4 (rolling) | C35: Logistics | D35: 24 | E35: SS | F35: 1 | G35: 24 | H35: FF | I35: 1 | J35: 3 | L35: Not Started | Q35: =IF(OR($B35="",'Project Info'!$C$9=""),"",WORKDAY.INTL(MAX('Project Info'!$C$9,N($K35),IF($D35="",0,N(IFERROR(IF($E35="SS",WORKDAY.INTL(INDEX($Q$11:$Q$310,MATCH($D35,$A$11:$A$310,0)),N($F35),'Project Info'!$H$12,Holidays!$A$6:$A$205),IF($E35="FF",WORKDAY.INTL(INDEX($R$11:$R$310,MATCH($D35,$A$11:$A$310,0)),N($F35)-MAX(1,N($J35))+1,'Project Info'!$H$12,Holidays!$A$6:$A$205),WORKDAY.INTL(INDEX($R$11:$R$310,MATCH($D35,$A$11:$A$310,0)),1+N($F35),'Project Info'!$H$12,Holidays!$A$6:$A$205))),0))),IF($G35="",0,N(IFERROR(IF($H35="SS",WORKDAY.INTL(INDEX($Q$11:$Q$310,MATCH($G35,$A$11:$A$310,0)),N($I35),'Project Info'!$H$12,Holidays!$A$6:$A$205),IF($H35="FF",WORKDAY.INTL(INDEX($R$11:$R$310,MATCH($G35,$A$11:$A$310,0)),N($I35)-MAX(1,N($J35))+1,'Project Info'!$H$12,Holidays!$A$6:$A$205),WORKDAY.INTL(INDEX($R$11:$R$310,MATCH($G35,$A$11:$A$310,0)),1+N($I35),'Project Info'!$H$12,Holidays!$A$6:$A$205))),0))))-1,1,'Project Info'!$H$12,Holidays!$A$6:$A$205)) -> 46498 | R35: =IF(OR($Q35="",NOT(ISNUMBER($J35))),"",WORKDAY.INTL($Q35,MAX(1,$J35)-1,'Project Info'!$H$12,Holidays!$A$6:$A$205)) -> 46500 | S35: =IF($Q35="","",IF(ISNUMBER($M35),$M35,WORKDAY.INTL(MAX($Q35,IF($D35="",0,N(IFERROR(IF($E35="SS",WORKDAY.INTL(INDEX($S$11:$S$310,MATCH($D35,$A$11:$A$310,0)),N($F35),'Project Info'!$H$12,Holidays!$A$6:$A$205),IF($E35="FF",WORKDAY.INTL(INDEX($T$11:$T$310,MATCH($D35,$A$11:$A$310,0)),N($F35)-MAX(1,IF(ISNUMBER($P35),$P35,N($J35)))+1,'Project Info'!$H$12,Holidays!$A$6:$A$205),WORKDAY.INTL(INDEX($T$11:$T$310,MATCH($D35,$A$11:$A$310,0)),1+N($F35),'Project Info'!$H$12,Holidays!$A$6:$A$205))),0))),IF($G35="",0,N(IFERROR(IF($H35="SS",WORKDAY.INTL(INDEX($S$11:$S$310,MATCH($G35,$A$11:$A$310,0)),N($I35),'Project Info'!$H$12,Holidays!$A$6:$A$205),IF($H35="FF",WORKDAY.INTL(INDEX($T$11:$T$310,MATCH($G35,$A$11:$A$310,0)),N($I35)-MAX(1,IF(ISNUMBER($P35),$P35,N($J35)))+1,'Project Info'!$H$12,Holidays!$A$6:$A$205),WORKDAY.INTL(INDEX($T$11:$T$310,MATCH($G35,$A$11:$A$310,0)),1+N($I35),'Project Info'!$H$12,Holidays!$A$6:$A$205))),0))),IF($AE35="Completed",0,N('Project Info'!$C$11)))-1,1,'Project Info'!$H$12,Holidays!$A$6:$A$205))) -> 46498 | T35: =IF(OR($S35="",$U35=""),"",IF(ISNUMBER($N35),$N35,WORKDAY.INTL($S35,$U35-1,'Project Info'!$H$12,Holidays!$A$6:$A$205))) -> 46500 | U35: =IF(OR($S35="",NOT(ISNUMBER($J35))),"",IF(ISNUMBER($N35),MAX(1,NETWORKDAYS.INTL($S35,$N35,'Project Info'!$H$12,Holidays!$A$6:$A$205)),MAX(1,IF(ISNUMBER($P35),$P35,$J35),IF(ISNUMBER($M35),NETWORKDAYS.INTL($M35,N('Project Info'!$C$11),'Project Info'!$H$12,Holidays!$A$6:$A$205),0)))) -> 3 | V35: =IF($U35="","",$U35-MAX(1,$J35)) -> 0 | W35: =IF($B35="","",IF($U35="","Enter Duration",IF($AE35="Completed",IF(NOT(ISNUMBER($N35)),"Completed - enter Actual End",IF($V35>0,"Completed - Overshoot",IF($V35<0,"Completed - Early","Completed - On Time"))),IF($AE35="On Hold","On Hold",IF($AE35="In Progress",IF($V35>0,"In Progress - Overshooting","In Progress - On Track"),IF($S35>$Q35,"Delayed Start","Not Started")))))) -> Not Started | X35: =IF(OR(NOT(ISNUMBER($R35)),NOT(ISNUMBER($T35))),"",IF($T35>=$R35,NETWORKDAYS.INTL($R35,$T35,'Project Info'!$H$12,Holidays!$A$6:$A$205)-1,-(NETWORKDAYS.INTL($T35,$R35,'Project Info'!$H$12,Holidays!$A$6:$A$205)-1))) -> 0 | Y35: =IF($B35="","",IF(AND(MAX($AC35,$AD35)>0,N($S35)>N($Q35)),"Delayed by Task #"&IF($AC35>=$AD35,$D35,$G35)&" (+"&MAX($AC35,$AD35)&"d)","")) | Z35: =IF($B35="","",COUNTIF($D$11:$D$310,$A35)+COUNTIF($G$11:$G$310,$A35)) -> 0 | AA35: =IF($B35="","",IF($AE35="Completed",1,IF($AE35="On Hold",4,IF($AE35="In Progress",2,IF(N($S35)>N($Q35),7,3))))) -> 3 | AB35: =IF($B35="","",IF(OR(AND($D35<>"",ISNUMBER(MATCH($D35,$A$11:$A$310,0))),AND($G35<>"",ISNUMBER(MATCH($G35,$A$11:$A$310,0)))),1,0)) -> 1 | AC35: =IF($D35="",0,N(IFERROR(INDEX($X$11:$X$310,MATCH($D35,$A$11:$A$310,0)),0))) -> 0 | AD35: =IF($G35="",0,N(IFERROR(INDEX($X$11:$X$310,MATCH($G35,$A$11:$A$310,0)),0))) -> 0 | AE35: =IF($B35="","",IF(ISNUMBER($N35),"Completed",IF($L35="Completed","Completed",IF($L35<>"",$L35,IF(ISNUMBER($M35),"In Progress","Not Started"))))) -> Not Started | AF35: =IF($B35="","",IF($AE35="Completed",1,MIN(1,N($O35)))) -> 0 | AG35: =IF(OR($S35="",NOT(ISNUMBER($J35))),"",WORKDAY.INTL($S35,MAX(1,$J35)-1,'Project Info'!$H$12,Holidays!$A$6:$A$205)) -> 46500 | AH35: =IF($B35="","",N($J35)*$AF35) -> 0 | AI35: =IF(ISNUMBER($R35),$R35,0) -> 46500 | AJ35: =IF(ISNUMBER($T35),$T35,0) -> 46500
A36: =IF($B36="","",ROW()-10) -> 26 | B36: METAL | Finalize manufacturing drawings | C36: Design | J36: 12 | L36: Not Started | Q36: =IF(OR($B36="",'Project Info'!$C$9=""),"",WORKDAY.INTL(MAX('Project Info'!$C$9,N($K36),IF($D36="",0,N(IFERROR(IF($E36="SS",WORKDAY.INTL(INDEX($Q$11:$Q$310,MATCH($D36,$A$11:$A$310,0)),N($F36),'Project Info'!$H$12,Holidays!$A$6:$A$205),IF($E36="FF",WORKDAY.INTL(INDEX($R$11:$R$310,MATCH($D36,$A$11:$A$310,0)),N($F36)-MAX(1,N($J36))+1,'Project Info'!$H$12,Holidays!$A$6:$A$205),WORKDAY.INTL(INDEX($R$11:$R$310,MATCH($D36,$A$11:$A$310,0)),1+N($F36),'Project Info'!$H$12,Holidays!$A$6:$A$205))),0))),IF($G36="",0,N(IFERROR(IF($H36="SS",WORKDAY.INTL(INDEX($Q$11:$Q$310,MATCH($G36,$A$11:$A$310,0)),N($I36),'Project Info'!$H$12,Holidays!$A$6:$A$205),IF($H36="FF",WORKDAY.INTL(INDEX($R$11:$R$310,MATCH($G36,$A$11:$A$310,0)),N($I36)-MAX(1,N($J36))+1,'Project Info'!$H$12,Holidays!$A$6:$A$205),WORKDAY.INTL(INDEX($R$11:$R$310,MATCH($G36,$A$11:$A$310,0)),1+N($I36),'Project Info'!$H$12,Holidays!$A$6:$A$205))),0))))-1,1,'Project Info'!$H$12,Holidays!$A$6:$A$205)) -> 46310 | R36: =IF(OR($Q36="",NOT(ISNUMBER($J36))),"",WORKDAY.INTL($Q36,MAX(1,$J36)-1,'Project Info'!$H$12,Holidays!$A$6:$A$205)) -> 46324 | S36: =IF($Q36="","",IF(ISNUMBER($M36),$M36,WORKDAY.INTL(MAX($Q36,IF($D36="",0,N(IFERROR(IF($E36="SS",WORKDAY.INTL(INDEX($S$11:$S$310,MATCH($D36,$A$11:$A$310,0)),N($F36),'Project Info'!$H$12,Holidays!$A$6:$A$205),IF($E36="FF",WORKDAY.INTL(INDEX($T$11:$T$310,MATCH($D36,$A$11:$A$310,0)),N($F36)-MAX(1,IF(ISNUMBER($P36),$P36,N($J36)))+1,'Project Info'!$H$12,Holidays!$A$6:$A$205),WORKDAY.INTL(INDEX($T$11:$T$310,MATCH($D36,$A$11:$A$310,0)),1+N($F36),'Project Info'!$H$12,Holidays!$A$6:$A$205))),0))),IF($G36="",0,N(IFERROR(IF($H36="SS",WORKDAY.INTL(INDEX($S$11:$S$310,MATCH($G36,$A$11:$A$310,0)),N($I36),'Project Info'!$H$12,Holidays!$A$6:$A$205),IF($H36="FF",WORKDAY.INTL(INDEX($T$11:$T$310,MATCH($G36,$A$11:$A$310,0)),N($I36)-MAX(1,IF(ISNUMBER($P36),$P36,N($J36)))+1,'Project Info'!$H$12,Holidays!$A$6:$A$205),WORKDAY.INTL(INDEX($T$11:$T$310,MATCH($G36,$A$11:$A$310,0)),1+N($I36),'Project Info'!$H$12,Holidays!$A$6:$A$205))),0))),IF($AE36="Completed",0,N('Project Info'!$C$11)))-1,1,'Project Info'!$H$12,Holidays!$A$6:$A$205))) -> 46310 | T36: =IF(OR($S36="",$U36=""),"",IF(ISNUMBER($N36),$N36,WORKDAY.INTL($S36,$U36-1,'Project Info'!$H$12,Holidays!$A$6:$A$205))) -> 46324 | U36: =IF(OR($S36="",NOT(ISNUMBER($J36))),"",IF(ISNUMBER($N36),MAX(1,NETWORKDAYS.INTL($S36,$N36,'Project Info'!$H$12,Holidays!$A$6:$A$205)),MAX(1,IF(ISNUMBER($P36),$P36,$J36),IF(ISNUMBER($M36),NETWORKDAYS.INTL($M36,N('Project Info'!$C$11),'Project Info'!$H$12,Holidays!$A$6:$A$205),0)))) -> 12 | V36: =IF($U36="","",$U36-MAX(1,$J36)) -> 0 | W36: =IF($B36="","",IF($U36="","Enter Duration",IF($AE36="Completed",IF(NOT(ISNUMBER($N36)),"Completed - enter Actual End",IF($V36>0,"Completed - Overshoot",IF($V36<0,"Completed - Early","Completed - On Time"))),IF($AE36="On Hold","On Hold",IF($AE36="In Progress",IF($V36>0,"In Progress - Overshooting","In Progress - On Track"),IF($S36>$Q36,"Delayed Start","Not Started")))))) -> Not Started | X36: =IF(OR(NOT(ISNUMBER($R36)),NOT(ISNUMBER($T36))),"",IF($T36>=$R36,NETWORKDAYS.INTL($R36,$T36,'Project Info'!$H$12,Holidays!$A$6:$A$205)-1,-(NETWORKDAYS.INTL($T36,$R36,'Project Info'!$H$12,Holidays!$A$6:$A$205)-1))) -> 0 | Y36: =IF($B36="","",IF(AND(MAX($AC36,$AD36)>0,N($S36)>N($Q36)),"Delayed by Task #"&IF($AC36>=$AD36,$D36,$G36)&" (+"&MAX($AC36,$AD36)&"d)","")) | Z36: =IF($B36="","",COUNTIF($D$11:$D$310,$A36)+COUNTIF($G$11:$G$310,$A36)) -> 1 | AA36: =IF($B36="","",IF($AE36="Completed",1,IF($AE36="On Hold",4,IF($AE36="In Progress",2,IF(N($S36)>N($Q36),7,3))))) -> 3 | AB36: =IF($B36="","",IF(OR(AND($D36<>"",ISNUMBER(MATCH($D36,$A$11:$A$310,0))),AND($G36<>"",ISNUMBER(MATCH($G36,$A$11:$A$310,0)))),1,0)) -> 0 | AC36: =IF($D36="",0,N(IFERROR(INDEX($X$11:$X$310,MATCH($D36,$A$11:$A$310,0)),0))) -> 0 | AD36: =IF($G36="",0,N(IFERROR(INDEX($X$11:$X$310,MATCH($G36,$A$11:$A$310,0)),0))) -> 0 | AE36: =IF($B36="","",IF(ISNUMBER($N36),"Completed",IF($L36="Completed","Completed",IF($L36<>"",$L36,IF(ISNUMBER($M36),"In Progress","Not Started"))))) -> Not Started | AF36: =IF($B36="","",IF($AE36="Completed",1,MIN(1,N($O36)))) -> 0 | AG36: =IF(OR($S36="",NOT(ISNUMBER($J36))),"",WORKDAY.INTL($S36,MAX(1,$J36)-1,'Project Info'!$H$12,Holidays!$A$6:$A$205)) -> 46324 | AH36: =IF($B36="","",N($J36)*$AF36) -> 0 | AI36: =IF(ISNUMBER($R36),$R36,0) -> 46324 | AJ36: =IF(ISNUMBER($T36),$T36,0) -> 46324
A37: =IF($B37="","",ROW()-10) -> 27 | B37: METAL | Manufacture all components | C37: Fabrication | D37: 26 | E37: FS | F37: 0 | J37: 45 | L37: Not Started | Q37: =IF(OR($B37="",'Project Info'!$C$9=""),"",WORKDAY.INTL(MAX('Project Info'!$C$9,N($K37),IF($D37="",0,N(IFERROR(IF($E37="SS",WORKDAY.INTL(INDEX($Q$11:$Q$310,MATCH($D37,$A$11:$A$310,0)),N($F37),'Project Info'!$H$12,Holidays!$A$6:$A$205),IF($E37="FF",WORKDAY.INTL(INDEX($R$11:$R$310,MATCH($D37,$A$11:$A$310,0)),N($F37)-MAX(1,N($J37))+1,'Project Info'!$H$12,Holidays!$A$6:$A$205),WORKDAY.INTL(INDEX($R$11:$R$310,MATCH($D37,$A$11:$A$310,0)),1+N($F37),'Project Info'!$H$12,Holidays!$A$6:$A$205))),0))),IF($G37="",0,N(IFERROR(IF($H37="SS",WORKDAY.INTL(INDEX($Q$11:$Q$310,MATCH($G37,$A$11:$A$310,0)),N($I37),'Project Info'!$H$12,Holidays!$A$6:$A$205),IF($H37="FF",WORKDAY.INTL(INDEX($R$11:$R$310,MATCH($G37,$A$11:$A$310,0)),N($I37)-MAX(1,N($J37))+1,'Project Info'!$H$12,Holidays!$A$6:$A$205),WORKDAY.INTL(INDEX($R$11:$R$310,MATCH($G37,$A$11:$A$310,0)),1+N($I37),'Project Info'!$H$12,Holidays!$A$6:$A$205))),0))))-1,1,'Project Info'!$H$12,Holidays!$A$6:$A$205)) -> 46325 | R37: =IF(OR($Q37="",NOT(ISNUMBER($J37))),"",WORKDAY.INTL($Q37,MAX(1,$J37)-1,'Project Info'!$H$12,Holidays!$A$6:$A$205)) -> 46381 | S37: =IF($Q37="","",IF(ISNUMBER($M37),$M37,WORKDAY.INTL(MAX($Q37,IF($D37="",0,N(IFERROR(IF($E37="SS",WORKDAY.INTL(INDEX($S$11:$S$310,MATCH($D37,$A$11:$A$310,0)),N($F37),'Project Info'!$H$12,Holidays!$A$6:$A$205),IF($E37="FF",WORKDAY.INTL(INDEX($T$11:$T$310,MATCH($D37,$A$11:$A$310,0)),N($F37)-MAX(1,IF(ISNUMBER($P37),$P37,N($J37)))+1,'Project Info'!$H$12,Holidays!$A$6:$A$205),WORKDAY.INTL(INDEX($T$11:$T$310,MATCH($D37,$A$11:$A$310,0)),1+N($F37),'Project Info'!$H$12,Holidays!$A$6:$A$205))),0))),IF($G37="",0,N(IFERROR(IF($H37="SS",WORKDAY.INTL(INDEX($S$11:$S$310,MATCH($G37,$A$11:$A$310,0)),N($I37),'Project Info'!$H$12,Holidays!$A$6:$A$205),IF($H37="FF",WORKDAY.INTL(INDEX($T$11:$T$310,MATCH($G37,$A$11:$A$310,0)),N($I37)-MAX(1,IF(ISNUMBER($P37),$P37,N($J37)))+1,'Project Info'!$H$12,Holidays!$A$6:$A$205),WORKDAY.INTL(INDEX($T$11:$T$310,MATCH($G37,$A$11:$A$310,0)),1+N($I37),'Project Info'!$H$12,Holidays!$A$6:$A$205))),0))),IF($AE37="Completed",0,N('Project Info'!$C$11)))-1,1,'Project Info'!$H$12,Holidays!$A$6:$A$205))) -> 46325 | T37: =IF(OR($S37="",$U37=""),"",IF(ISNUMBER($N37),$N37,WORKDAY.INTL($S37,$U37-1,'Project Info'!$H$12,Holidays!$A$6:$A$205))) -> 46381 | U37: =IF(OR($S37="",NOT(ISNUMBER($J37))),"",IF(ISNUMBER($N37),MAX(1,NETWORKDAYS.INTL($S37,$N37,'Project Info'!$H$12,Holidays!$A$6:$A$205)),MAX(1,IF(ISNUMBER($P37),$P37,$J37),IF(ISNUMBER($M37),NETWORKDAYS.INTL($M37,N('Project Info'!$C$11),'Project Info'!$H$12,Holidays!$A$6:$A$205),0)))) -> 45 | V37: =IF($U37="","",$U37-MAX(1,$J37)) -> 0 | W37: =IF($B37="","",IF($U37="","Enter Duration",IF($AE37="Completed",IF(NOT(ISNUMBER($N37)),"Completed - enter Actual End",IF($V37>0,"Completed - Overshoot",IF($V37<0,"Completed - Early","Completed - On Time"))),IF($AE37="On Hold","On Hold",IF($AE37="In Progress",IF($V37>0,"In Progress - Overshooting","In Progress - On Track"),IF($S37>$Q37,"Delayed Start","Not Started")))))) -> Not Started | X37: =IF(OR(NOT(ISNUMBER($R37)),NOT(ISNUMBER($T37))),"",IF($T37>=$R37,NETWORKDAYS.INTL($R37,$T37,'Project Info'!$H$12,Holidays!$A$6:$A$205)-1,-(NETWORKDAYS.INTL($T37,$R37,'Project Info'!$H$12,Holidays!$A$6:$A$205)-1))) -> 0 | Y37: =IF($B37="","",IF(AND(MAX($AC37,$AD37)>0,N($S37)>N($Q37)),"Delayed by Task #"&IF($AC37>=$AD37,$D37,$G37)&" (+"&MAX($AC37,$AD37)&"d)","")) | Z37: =IF($B37="","",COUNTIF($D$11:$D$310,$A37)+COUNTIF($G$11:$G$310,$A37)) -> 1 | AA37: =IF($B37="","",IF($AE37="Completed",1,IF($AE37="On Hold",4,IF($AE37="In Progress",2,IF(N($S37)>N($Q37),7,3))))) -> 3 | AB37: =IF($B37="","",IF(OR(AND($D37<>"",ISNUMBER(MATCH($D37,$A$11:$A$310,0))),AND($G37<>"",ISNUMBER(MATCH($G37,$A$11:$A$310,0)))),1,0)) -> 1 | AC37: =IF($D37="",0,N(IFERROR(INDEX($X$11:$X$310,MATCH($D37,$A$11:$A$310,0)),0))) -> 0 | AD37: =IF($G37="",0,N(IFERROR(INDEX($X$11:$X$310,MATCH($G37,$A$11:$A$310,0)),0))) -> 0 | AE37: =IF($B37="","",IF(ISNUMBER($N37),"Completed",IF($L37="Completed","Completed",IF($L37<>"",$L37,IF(ISNUMBER($M37),"In Progress","Not Started"))))) -> Not Started | AF37: =IF($B37="","",IF($AE37="Completed",1,MIN(1,N($O37)))) -> 0 | AG37: =IF(OR($S37="",NOT(ISNUMBER($J37))),"",WORKDAY.INTL($S37,MAX(1,$J37)-1,'Project Info'!$H$12,Holidays!$A$6:$A$205)) -> 46381 | AH37: =IF($B37="","",N($J37)*$AF37) -> 0 | AI37: =IF(ISNUMBER($R37),$R37,0) -> 46381 | AJ37: =IF(ISNUMBER($T37),$T37,0) -> 46381
A38: =IF($B38="","",ROW()-10) -> 28 | B38: METAL | Powder coating all components | C38: Coating | D38: 27 | E38: FS | F38: 0 | J38: 10 | L38: Not Started | Q38: =IF(OR($B38="",'Project Info'!$C$9=""),"",WORKDAY.INTL(MAX('Project Info'!$C$9,N($K38),IF($D38="",0,N(IFERROR(IF($E38="SS",WORKDAY.INTL(INDEX($Q$11:$Q$310,MATCH($D38,$A$11:$A$310,0)),N($F38),'Project Info'!$H$12,Holidays!$A$6:$A$205),IF($E38="FF",WORKDAY.INTL(INDEX($R$11:$R$310,MATCH($D38,$A$11:$A$310,0)),N($F38)-MAX(1,N($J38))+1,'Project Info'!$H$12,Holidays!$A$6:$A$205),WORKDAY.INTL(INDEX($R$11:$R$310,MATCH($D38,$A$11:$A$310,0)),1+N($F38),'Project Info'!$H$12,Holidays!$A$6:$A$205))),0))),IF($G38="",0,N(IFERROR(IF($H38="SS",WORKDAY.INTL(INDEX($Q$11:$Q$310,MATCH($G38,$A$11:$A$310,0)),N($I38),'Project Info'!$H$12,Holidays!$A$6:$A$205),IF($H38="FF",WORKDAY.INTL(INDEX($R$11:$R$310,MATCH($G38,$A$11:$A$310,0)),N($I38)-MAX(1,N($J38))+1,'Project Info'!$H$12,Holidays!$A$6:$A$205),WORKDAY.INTL(INDEX($R$11:$R$310,MATCH($G38,$A$11:$A$310,0)),1+N($I38),'Project Info'!$H$12,Holidays!$A$6:$A$205))),0))))-1,1,'Project Info'!$H$12,Holidays!$A$6:$A$205)) -> 46382 | R38: =IF(OR($Q38="",NOT(ISNUMBER($J38))),"",WORKDAY.INTL($Q38,MAX(1,$J38)-1,'Project Info'!$H$12,Holidays!$A$6:$A$205)) -> 46394 | S38: =IF($Q38="","",IF(ISNUMBER($M38),$M38,WORKDAY.INTL(MAX($Q38,IF($D38="",0,N(IFERROR(IF($E38="SS",WORKDAY.INTL(INDEX($S$11:$S$310,MATCH($D38,$A$11:$A$310,0)),N($F38),'Project Info'!$H$12,Holidays!$A$6:$A$205),IF($E38="FF",WORKDAY.INTL(INDEX($T$11:$T$310,MATCH($D38,$A$11:$A$310,0)),N($F38)-MAX(1,IF(ISNUMBER($P38),$P38,N($J38)))+1,'Project Info'!$H$12,Holidays!$A$6:$A$205),WORKDAY.INTL(INDEX($T$11:$T$310,MATCH($D38,$A$11:$A$310,0)),1+N($F38),'Project Info'!$H$12,Holidays!$A$6:$A$205))),0))),IF($G38="",0,N(IFERROR(IF($H38="SS",WORKDAY.INTL(INDEX($S$11:$S$310,MATCH($G38,$A$11:$A$310,0)),N($I38),'Project Info'!$H$12,Holidays!$A$6:$A$205),IF($H38="FF",WORKDAY.INTL(INDEX($T$11:$T$310,MATCH($G38,$A$11:$A$310,0)),N($I38)-MAX(1,IF(ISNUMBER($P38),$P38,N($J38)))+1,'Project Info'!$H$12,Holidays!$A$6:$A$205),WORKDAY.INTL(INDEX($T$11:$T$310,MATCH($G38,$A$11:$A$310,0)),1+N($I38),'Project Info'!$H$12,Holidays!$A$6:$A$205))),0))),IF($AE38="Completed",0,N('Project Info'!$C$11)))-1,1,'Project Info'!$H$12,Holidays!$A$6:$A$205))) -> 46382 | T38: =IF(OR($S38="",$U38=""),"",IF(ISNUMBER($N38),$N38,WORKDAY.INTL($S38,$U38-1,'Project Info'!$H$12,Holidays!$A$6:$A$205))) -> 46394 | U38: =IF(OR($S38="",NOT(ISNUMBER($J38))),"",IF(ISNUMBER($N38),MAX(1,NETWORKDAYS.INTL($S38,$N38,'Project Info'!$H$12,Holidays!$A$6:$A$205)),MAX(1,IF(ISNUMBER($P38),$P38,$J38),IF(ISNUMBER($M38),NETWORKDAYS.INTL($M38,N('Project Info'!$C$11),'Project Info'!$H$12,Holidays!$A$6:$A$205),0)))) -> 10 | V38: =IF($U38="","",$U38-MAX(1,$J38)) -> 0 | W38: =IF($B38="","",IF($U38="","Enter Duration",IF($AE38="Completed",IF(NOT(ISNUMBER($N38)),"Completed - enter Actual End",IF($V38>0,"Completed - Overshoot",IF($V38<0,"Completed - Early","Completed - On Time"))),IF($AE38="On Hold","On Hold",IF($AE38="In Progress",IF($V38>0,"In Progress - Overshooting","In Progress - On Track"),IF($S38>$Q38,"Delayed Start","Not Started")))))) -> Not Started | X38: =IF(OR(NOT(ISNUMBER($R38)),NOT(ISNUMBER($T38))),"",IF($T38>=$R38,NETWORKDAYS.INTL($R38,$T38,'Project Info'!$H$12,Holidays!$A$6:$A$205)-1,-(NETWORKDAYS.INTL($T38,$R38,'Project Info'!$H$12,Holidays!$A$6:$A$205)-1))) -> 0 | Y38: =IF($B38="","",IF(AND(MAX($AC38,$AD38)>0,N($S38)>N($Q38)),"Delayed by Task #"&IF($AC38>=$AD38,$D38,$G38)&" (+"&MAX($AC38,$AD38)&"d)","")) | Z38: =IF($B38="","",COUNTIF($D$11:$D$310,$A38)+COUNTIF($G$11:$G$310,$A38)) -> 1 | AA38: =IF($B38="","",IF($AE38="Completed",1,IF($AE38="On Hold",4,IF($AE38="In Progress",2,IF(N($S38)>N($Q38),7,3))))) -> 3 | AB38: =IF($B38="","",IF(OR(AND($D38<>"",ISNUMBER(MATCH($D38,$A$11:$A$310,0))),AND($G38<>"",ISNUMBER(MATCH($G38,$A$11:$A$310,0)))),1,0)) -> 1 | AC38: =IF($D38="",0,N(IFERROR(INDEX($X$11:$X$310,MATCH($D38,$A$11:$A$310,0)),0))) -> 0 | AD38: =IF($G38="",0,N(IFERROR(INDEX($X$11:$X$310,MATCH($G38,$A$11:$A$310,0)),0))) -> 0 | AE38: =IF($B38="","",IF(ISNUMBER($N38),"Completed",IF($L38="Completed","Completed",IF($L38<>"",$L38,IF(ISNUMBER($M38),"In Progress","Not Started"))))) -> Not Started | AF38: =IF($B38="","",IF($AE38="Completed",1,MIN(1,N($O38)))) -> 0 | AG38: =IF(OR($S38="",NOT(ISNUMBER($J38))),"",WORKDAY.INTL($S38,MAX(1,$J38)-1,'Project Info'!$H$12,Holidays!$A$6:$A$205)) -> 46394 | AH38: =IF($B38="","",N($J38)*$AF38) -> 0 | AI38: =IF(ISNUMBER($R38),$R38,0) -> 46394 | AJ38: =IF(ISNUMBER($T38),$T38,0) -> 46394
A39: =IF($B39="","",ROW()-10) -> 29 | B39: METAL | Assembly & packing (75 sets/day) | C39: Assembly | D39: 28 | E39: FS | F39: 0 | J39: 7 | L39: Not Started | Q39: =IF(OR($B39="",'Project Info'!$C$9=""),"",WORKDAY.INTL(MAX('Project Info'!$C$9,N($K39),IF($D39="",0,N(IFERROR(IF($E39="SS",WORKDAY.INTL(INDEX($Q$11:$Q$310,MATCH($D39,$A$11:$A$310,0)),N($F39),'Project Info'!$H$12,Holidays!$A$6:$A$205),IF($E39="FF",WORKDAY.INTL(INDEX($R$11:$R$310,MATCH($D39,$A$11:$A$310,0)),N($F39)-MAX(1,N($J39))+1,'Project Info'!$H$12,Holidays!$A$6:$A$205),WORKDAY.INTL(INDEX($R$11:$R$310,MATCH($D39,$A$11:$A$310,0)),1+N($F39),'Project Info'!$H$12,Holidays!$A$6:$A$205))),0))),IF($G39="",0,N(IFERROR(IF($H39="SS",WORKDAY.INTL(INDEX($Q$11:$Q$310,MATCH($G39,$A$11:$A$310,0)),N($I39),'Project Info'!$H$12,Holidays!$A$6:$A$205),IF($H39="FF",WORKDAY.INTL(INDEX($R$11:$R$310,MATCH($G39,$A$11:$A$310,0)),N($I39)-MAX(1,N($J39))+1,'Project Info'!$H$12,Holidays!$A$6:$A$205),WORKDAY.INTL(INDEX($R$11:$R$310,MATCH($G39,$A$11:$A$310,0)),1+N($I39),'Project Info'!$H$12,Holidays!$A$6:$A$205))),0))))-1,1,'Project Info'!$H$12,Holidays!$A$6:$A$205)) -> 46395 | R39: =IF(OR($Q39="",NOT(ISNUMBER($J39))),"",WORKDAY.INTL($Q39,MAX(1,$J39)-1,'Project Info'!$H$12,Holidays!$A$6:$A$205)) -> 46402 | S39: =IF($Q39="","",IF(ISNUMBER($M39),$M39,WORKDAY.INTL(MAX($Q39,IF($D39="",0,N(IFERROR(IF($E39="SS",WORKDAY.INTL(INDEX($S$11:$S$310,MATCH($D39,$A$11:$A$310,0)),N($F39),'Project Info'!$H$12,Holidays!$A$6:$A$205),IF($E39="FF",WORKDAY.INTL(INDEX($T$11:$T$310,MATCH($D39,$A$11:$A$310,0)),N($F39)-MAX(1,IF(ISNUMBER($P39),$P39,N($J39)))+1,'Project Info'!$H$12,Holidays!$A$6:$A$205),WORKDAY.INTL(INDEX($T$11:$T$310,MATCH($D39,$A$11:$A$310,0)),1+N($F39),'Project Info'!$H$12,Holidays!$A$6:$A$205))),0))),IF($G39="",0,N(IFERROR(IF($H39="SS",WORKDAY.INTL(INDEX($S$11:$S$310,MATCH($G39,$A$11:$A$310,0)),N($I39),'Project Info'!$H$12,Holidays!$A$6:$A$205),IF($H39="FF",WORKDAY.INTL(INDEX($T$11:$T$310,MATCH($G39,$A$11:$A$310,0)),N($I39)-MAX(1,IF(ISNUMBER($P39),$P39,N($J39)))+1,'Project Info'!$H$12,Holidays!$A$6:$A$205),WORKDAY.INTL(INDEX($T$11:$T$310,MATCH($G39,$A$11:$A$310,0)),1+N($I39),'Project Info'!$H$12,Holidays!$A$6:$A$205))),0))),IF($AE39="Completed",0,N('Project Info'!$C$11)))-1,1,'Project Info'!$H$12,Holidays!$A$6:$A$205))) -> 46395 | T39: =IF(OR($S39="",$U39=""),"",IF(ISNUMBER($N39),$N39,WORKDAY.INTL($S39,$U39-1,'Project Info'!$H$12,Holidays!$A$6:$A$205))) -> 46402 | U39: =IF(OR($S39="",NOT(ISNUMBER($J39))),"",IF(ISNUMBER($N39),MAX(1,NETWORKDAYS.INTL($S39,$N39,'Project Info'!$H$12,Holidays!$A$6:$A$205)),MAX(1,IF(ISNUMBER($P39),$P39,$J39),IF(ISNUMBER($M39),NETWORKDAYS.INTL($M39,N('Project Info'!$C$11),'Project Info'!$H$12,Holidays!$A$6:$A$205),0)))) -> 7 | V39: =IF($U39="","",$U39-MAX(1,$J39)) -> 0 | W39: =IF($B39="","",IF($U39="","Enter Duration",IF($AE39="Completed",IF(NOT(ISNUMBER($N39)),"Completed - enter Actual End",IF($V39>0,"Completed - Overshoot",IF($V39<0,"Completed - Early","Completed - On Time"))),IF($AE39="On Hold","On Hold",IF($AE39="In Progress",IF($V39>0,"In Progress - Overshooting","In Progress - On Track"),IF($S39>$Q39,"Delayed Start","Not Started")))))) -> Not Started | X39: =IF(OR(NOT(ISNUMBER($R39)),NOT(ISNUMBER($T39))),"",IF($T39>=$R39,NETWORKDAYS.INTL($R39,$T39,'Project Info'!$H$12,Holidays!$A$6:$A$205)-1,-(NETWORKDAYS.INTL($T39,$R39,'Project Info'!$H$12,Holidays!$A$6:$A$205)-1))) -> 0 | Y39: =IF($B39="","",IF(AND(MAX($AC39,$AD39)>0,N($S39)>N($Q39)),"Delayed by Task #"&IF($AC39>=$AD39,$D39,$G39)&" (+"&MAX($AC39,$AD39)&"d)","")) | Z39: =IF($B39="","",COUNTIF($D$11:$D$310,$A39)+COUNTIF($G$11:$G$310,$A39)) -> 2 | AA39: =IF($B39="","",IF($AE39="Completed",1,IF($AE39="On Hold",4,IF($AE39="In Progress",2,IF(N($S39)>N($Q39),7,3))))) -> 3 | AB39: =IF($B39="","",IF(OR(AND($D39<>"",ISNUMBER(MATCH($D39,$A$11:$A$310,0))),AND($G39<>"",ISNUMBER(MATCH($G39,$A$11:$A$310,0)))),1,0)) -> 1 | AC39: =IF($D39="",0,N(IFERROR(INDEX($X$11:$X$310,MATCH($D39,$A$11:$A$310,0)),0))) -> 0 | AD39: =IF($G39="",0,N(IFERROR(INDEX($X$11:$X$310,MATCH($G39,$A$11:$A$310,0)),0))) -> 0 | AE39: =IF($B39="","",IF(ISNUMBER($N39),"Completed",IF($L39="Completed","Completed",IF($L39<>"",$L39,IF(ISNUMBER($M39),"In Progress","Not Started"))))) -> Not Started | AF39: =IF($B39="","",IF($AE39="Completed",1,MIN(1,N($O39)))) -> 0 | AG39: =IF(OR($S39="",NOT(ISNUMBER($J39))),"",WORKDAY.INTL($S39,MAX(1,$J39)-1,'Project Info'!$H$12,Holidays!$A$6:$A$205)) -> 46402 | AH39: =IF($B39="","",N($J39)*$AF39) -> 0 | AI39: =IF(ISNUMBER($R39),$R39,0) -> 46402 | AJ39: =IF(ISNUMBER($T39),$T39,0) -> 46402
A40: =IF($B40="","",ROW()-10) -> 30 | B40: METAL | Dispatch – 10 vehicles (rolling) | C40: Logistics | D40: 29 | E40: SS | F40: 1 | G40: 29 | H40: FF | I40: 1 | J40: 7 | L40: Not Started | Q40: =IF(OR($B40="",'Project Info'!$C$9=""),"",WORKDAY.INTL(MAX('Project Info'!$C$9,N($K40),IF($D40="",0,N(IFERROR(IF($E40="SS",WORKDAY.INTL(INDEX($Q$11:$Q$310,MATCH($D40,$A$11:$A$310,0)),N($F40),'Project Info'!$H$12,Holidays!$A$6:$A$205),IF($E40="FF",WORKDAY.INTL(INDEX($R$11:$R$310,MATCH($D40,$A$11:$A$310,0)),N($F40)-MAX(1,N($J40))+1,'Project Info'!$H$12,Holidays!$A$6:$A$205),WORKDAY.INTL(INDEX($R$11:$R$310,MATCH($D40,$A$11:$A$310,0)),1+N($F40),'Project Info'!$H$12,Holidays!$A$6:$A$205))),0))),IF($G40="",0,N(IFERROR(IF($H40="SS",WORKDAY.INTL(INDEX($Q$11:$Q$310,MATCH($G40,$A$11:$A$310,0)),N($I40),'Project Info'!$H$12,Holidays!$A$6:$A$205),IF($H40="FF",WORKDAY.INTL(INDEX($R$11:$R$310,MATCH($G40,$A$11:$A$310,0)),N($I40)-MAX(1,N($J40))+1,'Project Info'!$H$12,Holidays!$A$6:$A$205),WORKDAY.INTL(INDEX($R$11:$R$310,MATCH($G40,$A$11:$A$310,0)),1+N($I40),'Project Info'!$H$12,Holidays!$A$6:$A$205))),0))))-1,1,'Project Info'!$H$12,Holidays!$A$6:$A$205)) -> 46396 | R40: =IF(OR($Q40="",NOT(ISNUMBER($J40))),"",WORKDAY.INTL($Q40,MAX(1,$J40)-1,'Project Info'!$H$12,Holidays!$A$6:$A$205)) -> 46403 | S40: =IF($Q40="","",IF(ISNUMBER($M40),$M40,WORKDAY.INTL(MAX($Q40,IF($D40="",0,N(IFERROR(IF($E40="SS",WORKDAY.INTL(INDEX($S$11:$S$310,MATCH($D40,$A$11:$A$310,0)),N($F40),'Project Info'!$H$12,Holidays!$A$6:$A$205),IF($E40="FF",WORKDAY.INTL(INDEX($T$11:$T$310,MATCH($D40,$A$11:$A$310,0)),N($F40)-MAX(1,IF(ISNUMBER($P40),$P40,N($J40)))+1,'Project Info'!$H$12,Holidays!$A$6:$A$205),WORKDAY.INTL(INDEX($T$11:$T$310,MATCH($D40,$A$11:$A$310,0)),1+N($F40),'Project Info'!$H$12,Holidays!$A$6:$A$205))),0))),IF($G40="",0,N(IFERROR(IF($H40="SS",WORKDAY.INTL(INDEX($S$11:$S$310,MATCH($G40,$A$11:$A$310,0)),N($I40),'Project Info'!$H$12,Holidays!$A$6:$A$205),IF($H40="FF",WORKDAY.INTL(INDEX($T$11:$T$310,MATCH($G40,$A$11:$A$310,0)),N($I40)-MAX(1,IF(ISNUMBER($P40),$P40,N($J40)))+1,'Project Info'!$H$12,Holidays!$A$6:$A$205),WORKDAY.INTL(INDEX($T$11:$T$310,MATCH($G40,$A$11:$A$310,0)),1+N($I40),'Project Info'!$H$12,Holidays!$A$6:$A$205))),0))),IF($AE40="Completed",0,N('Project Info'!$C$11)))-1,1,'Project Info'!$H$12,Holidays!$A$6:$A$205))) -> 46396 | T40: =IF(OR($S40="",$U40=""),"",IF(ISNUMBER($N40),$N40,WORKDAY.INTL($S40,$U40-1,'Project Info'!$H$12,Holidays!$A$6:$A$205))) -> 46403 | U40: =IF(OR($S40="",NOT(ISNUMBER($J40))),"",IF(ISNUMBER($N40),MAX(1,NETWORKDAYS.INTL($S40,$N40,'Project Info'!$H$12,Holidays!$A$6:$A$205)),MAX(1,IF(ISNUMBER($P40),$P40,$J40),IF(ISNUMBER($M40),NETWORKDAYS.INTL($M40,N('Project Info'!$C$11),'Project Info'!$H$12,Holidays!$A$6:$A$205),0)))) -> 7 | V40: =IF($U40="","",$U40-MAX(1,$J40)) -> 0 | W40: =IF($B40="","",IF($U40="","Enter Duration",IF($AE40="Completed",IF(NOT(ISNUMBER($N40)),"Completed - enter Actual End",IF($V40>0,"Completed - Overshoot",IF($V40<0,"Completed - Early","Completed - On Time"))),IF($AE40="On Hold","On Hold",IF($AE40="In Progress",IF($V40>0,"In Progress - Overshooting","In Progress - On Track"),IF($S40>$Q40,"Delayed Start","Not Started")))))) -> Not Started | X40: =IF(OR(NOT(ISNUMBER($R40)),NOT(ISNUMBER($T40))),"",IF($T40>=$R40,NETWORKDAYS.INTL($R40,$T40,'Project Info'!$H$12,Holidays!$A$6:$A$205)-1,-(NETWORKDAYS.INTL($T40,$R40,'Project Info'!$H$12,Holidays!$A$6:$A$205)-1))) -> 0 | Y40: =IF($B40="","",IF(AND(MAX($AC40,$AD40)>0,N($S40)>N($Q40)),"Delayed by Task #"&IF($AC40>=$AD40,$D40,$G40)&" (+"&MAX($AC40,$AD40)&"d)","")) | Z40: =IF($B40="","",COUNTIF($D$11:$D$310,$A40)+COUNTIF($G$11:$G$310,$A40)) -> 0 | AA40: =IF($B40="","",IF($AE40="Completed",1,IF($AE40="On Hold",4,IF($AE40="In Progress",2,IF(N($S40)>N($Q40),7,3))))) -> 3 | AB40: =IF($B40="","",IF(OR(AND($D40<>"",ISNUMBER(MATCH($D40,$A$11:$A$310,0))),AND($G40<>"",ISNUMBER(MATCH($G40,$A$11:$A$310,0)))),1,0)) -> 1 | AC40: =IF($D40="",0,N(IFERROR(INDEX($X$11:$X$310,MATCH($D40,$A$11:$A$310,0)),0))) -> 0 | AD40: =IF($G40="",0,N(IFERROR(INDEX($X$11:$X$310,MATCH($G40,$A$11:$A$310,0)),0))) -> 0 | AE40: =IF($B40="","",IF(ISNUMBER($N40),"Completed",IF($L40="Completed","Completed",IF($L40<>"",$L40,IF(ISNUMBER($M40),"In Progress","Not Started"))))) -> Not Started | AF40: =IF($B40="","",IF($AE40="Completed",1,MIN(1,N($O40)))) -> 0 | AG40: =IF(OR($S40="",NOT(ISNUMBER($J40))),"",WORKDAY.INTL($S40,MAX(1,$J40)-1,'Project Info'!$H$12,Holidays!$A$6:$A$205)) -> 46403 | AH40: =IF($B40="","",N($J40)*$AF40) -> 0 | AI40: =IF(ISNUMBER($R40),$R40,0) -> 46403 | AJ40: =IF(ISNUMBER($T40),$T40,0) -> 46403
A41: =IF($B41="","",ROW()-10) | Q41: =IF(OR($B41="",'Project Info'!$C$9=""),"",WORKDAY.INTL(MAX('Project Info'!$C$9,N($K41),IF($D41="",0,N(IFERROR(IF($E41="SS",WORKDAY.INTL(INDEX($Q$11:$Q$310,MATCH($D41,$A$11:$A$310,0)),N($F41),'Project Info'!$H$12,Holidays!$A$6:$A$205),IF($E41="FF",WORKDAY.INTL(INDEX($R$11:$R$310,MATCH($D41,$A$11:$A$310,0)),N($F41)-MAX(1,N($J41))+1,'Project Info'!$H$12,Holidays!$A$6:$A$205),WORKDAY.INTL(INDEX($R$11:$R$310,MATCH($D41,$A$11:$A$310,0)),1+N($F41),'Project Info'!$H$12,Holidays!$A$6:$A$205))),0))),IF($G41="",0,N(IFERROR(IF($H41="SS",WORKDAY.INTL(INDEX($Q$11:$Q$310,MATCH($G41,$A$11:$A$310,0)),N($I41),'Project Info'!$H$12,Holidays!$A$6:$A$205),IF($H41="FF",WORKDAY.INTL(INDEX($R$11:$R$310,MATCH($G41,$A$11:$A$310,0)),N($I41)-MAX(1,N($J41))+1,'Project Info'!$H$12,Holidays!$A$6:$A$205),WORKDAY.INTL(INDEX($R$11:$R$310,MATCH($G41,$A$11:$A$310,0)),1+N($I41),'Project Info'!$H$12,Holidays!$A$6:$A$205))),0))))-1,1,'Project Info'!$H$12,Holidays!$A$6:$A$205)) | R41: =IF(OR($Q41="",NOT(ISNUMBER($J41))),"",WORKDAY.INTL($Q41,MAX(1,$J41)-1,'Project Info'!$H$12,Holidays!$A$6:$A$205)) | S41: =IF($Q41="","",IF(ISNUMBER($M41),$M41,WORKDAY.INTL(MAX($Q41,IF($D41="",0,N(IFERROR(IF($E41="SS",WORKDAY.INTL(INDEX($S$11:$S$310,MATCH($D41,$A$11:$A$310,0)),N($F41),'Project Info'!$H$12,Holidays!$A$6:$A$205),IF($E41="FF",WORKDAY.INTL(INDEX($T$11:$T$310,MATCH($D41,$A$11:$A$310,0)),N($F41)-MAX(1,IF(ISNUMBER($P41),$P41,N($J41)))+1,'Project Info'!$H$12,Holidays!$A$6:$A$205),WORKDAY.INTL(INDEX($T$11:$T$310,MATCH($D41,$A$11:$A$310,0)),1+N($F41),'Project Info'!$H$12,Holidays!$A$6:$A$205))),0))),IF($G41="",0,N(IFERROR(IF($H41="SS",WORKDAY.INTL(INDEX($S$11:$S$310,MATCH($G41,$A$11:$A$310,0)),N($I41),'Project Info'!$H$12,Holidays!$A$6:$A$205),IF($H41="FF",WORKDAY.INTL(INDEX($T$11:$T$310,MATCH($G41,$A$11:$A$310,0)),N($I41)-MAX(1,IF(ISNUMBER($P41),$P41,N($J41)))+1,'Project Info'!$H$12,Holidays!$A$6:$A$205),WORKDAY.INTL(INDEX($T$11:$T$310,MATCH($G41,$A$11:$A$310,0)),1+N($I41),'Project Info'!$H$12,Holidays!$A$6:$A$205))),0))),IF($AE41="Completed",0,N('Project Info'!$C$11)))-1,1,'Project Info'!$H$12,Holidays!$A$6:$A$205))) | T41: =IF(OR($S41="",$U41=""),"",IF(ISNUMBER($N41),$N41,WORKDAY.INTL($S41,$U41-1,'Project Info'!$H$12,Holidays!$A$6:$A$205))) | U41: =IF(OR($S41="",NOT(ISNUMBER($J41))),"",IF(ISNUMBER($N41),MAX(1,NETWORKDAYS.INTL($S41,$N41,'Project Info'!$H$12,Holidays!$A$6:$A$205)),MAX(1,IF(ISNUMBER($P41),$P41,$J41),IF(ISNUMBER($M41),NETWORKDAYS.INTL($M41,N('Project Info'!$C$11),'Project Info'!$H$12,Holidays!$A$6:$A$205),0)))) | V41: =IF($U41="","",$U41-MAX(1,$J41)) | W41: =IF($B41="","",IF($U41="","Enter Duration",IF($AE41="Completed",IF(NOT(ISNUMBER($N41)),"Completed - enter Actual End",IF($V41>0,"Completed - Overshoot",IF($V41<0,"Completed - Early","Completed - On Time"))),IF($AE41="On Hold","On Hold",IF($AE41="In Progress",IF($V41>0,"In Progress - Overshooting","In Progress - On Track"),IF($S41>$Q41,"Delayed Start","Not Started")))))) | X41: =IF(OR(NOT(ISNUMBER($R41)),NOT(ISNUMBER($T41))),"",IF($T41>=$R41,NETWORKDAYS.INTL($R41,$T41,'Project Info'!$H$12,Holidays!$A$6:$A$205)-1,-(NETWORKDAYS.INTL($T41,$R41,'Project Info'!$H$12,Holidays!$A$6:$A$205)-1))) | Y41: =IF($B41="","",IF(AND(MAX($AC41,$AD41)>0,N($S41)>N($Q41)),"Delayed by Task #"&IF($AC41>=$AD41,$D41,$G41)&" (+"&MAX($AC41,$AD41)&"d)","")) | Z41: =IF($B41="","",COUNTIF($D$11:$D$310,$A41)+COUNTIF($G$11:$G$310,$A41)) | AA41: =IF($B41="","",IF($AE41="Completed",1,IF($AE41="On Hold",4,IF($AE41="In Progress",2,IF(N($S41)>N($Q41),7,3))))) | AB41: =IF($B41="","",IF(OR(AND($D41<>"",ISNUMBER(MATCH($D41,$A$11:$A$310,0))),AND($G41<>"",ISNUMBER(MATCH($G41,$A$11:$A$310,0)))),1,0)) | AC41: =IF($D41="",0,N(IFERROR(INDEX($X$11:$X$310,MATCH($D41,$A$11:$A$310,0)),0))) -> 0 | AD41: =IF($G41="",0,N(IFERROR(INDEX($X$11:$X$310,MATCH($G41,$A$11:$A$310,0)),0))) -> 0 | AE41: =IF($B41="","",IF(ISNUMBER($N41),"Completed",IF($L41="Completed","Completed",IF($L41<>"",$L41,IF(ISNUMBER($M41),"In Progress","Not Started"))))) | AF41: =IF($B41="","",IF($AE41="Completed",1,MIN(1,N($O41)))) | AG41: =IF(OR($S41="",NOT(ISNUMBER($J41))),"",WORKDAY.INTL($S41,MAX(1,$J41)-1,'Project Info'!$H$12,Holidays!$A$6:$A$205)) | AH41: =IF($B41="","",N($J41)*$AF41) | AI41: =IF(ISNUMBER($R41),$R41,0) -> 0 | AJ41: =IF(ISNUMBER($T41),$T41,0) -> 0
A42: =IF($B42="","",ROW()-10) | Q42: =IF(OR($B42="",'Project Info'!$C$9=""),"",WORKDAY.INTL(MAX('Project Info'!$C$9,N($K42),IF($D42="",0,N(IFERROR(IF($E42="SS",WORKDAY.INTL(INDEX($Q$11:$Q$310,MATCH($D42,$A$11:$A$310,0)),N($F42),'Project Info'!$H$12,Holidays!$A$6:$A$205),IF($E42="FF",WORKDAY.INTL(INDEX($R$11:$R$310,MATCH($D42,$A$11:$A$310,0)),N($F42)-MAX(1,N($J42))+1,'Project Info'!$H$12,Holidays!$A$6:$A$205),WORKDAY.INTL(INDEX($R$11:$R$310,MATCH($D42,$A$11:$A$310,0)),1+N($F42),'Project Info'!$H$12,Holidays!$A$6:$A$205))),0))),IF($G42="",0,N(IFERROR(IF($H42="SS",WORKDAY.INTL(INDEX($Q$11:$Q$310,MATCH($G42,$A$11:$A$310,0)),N($I42),'Project Info'!$H$12,Holidays!$A$6:$A$205),IF($H42="FF",WORKDAY.INTL(INDEX($R$11:$R$310,MATCH($G42,$A$11:$A$310,0)),N($I42)-MAX(1,N($J42))+1,'Project Info'!$H$12,Holidays!$A$6:$A$205),WORKDAY.INTL(INDEX($R$11:$R$310,MATCH($G42,$A$11:$A$310,0)),1+N($I42),'Project Info'!$H$12,Holidays!$A$6:$A$205))),0))))-1,1,'Project Info'!$H$12,Holidays!$A$6:$A$205)) | R42: =IF(OR($Q42="",NOT(ISNUMBER($J42))),"",WORKDAY.INTL($Q42,MAX(1,$J42)-1,'Project Info'!$H$12,Holidays!$A$6:$A$205)) | S42: =IF($Q42="","",IF(ISNUMBER($M42),$M42,WORKDAY.INTL(MAX($Q42,IF($D42="",0,N(IFERROR(IF($E42="SS",WORKDAY.INTL(INDEX($S$11:$S$310,MATCH($D42,$A$11:$A$310,0)),N($F42),'Project Info'!$H$12,Holidays!$A$6:$A$205),IF($E42="FF",WORKDAY.INTL(INDEX($T$11:$T$310,MATCH($D42,$A$11:$A$310,0)),N($F42)-MAX(1,IF(ISNUMBER($P42),$P42,N($J42)))+1,'Project Info'!$H$12,Holidays!$A$6:$A$205),WORKDAY.INTL(INDEX($T$11:$T$310,MATCH($D42,$A$11:$A$310,0)),1+N($F42),'Project Info'!$H$12,Holidays!$A$6:$A$205))),0))),IF($G42="",0,N(IFERROR(IF($H42="SS",WORKDAY.INTL(INDEX($S$11:$S$310,MATCH($G42,$A$11:$A$310,0)),N($I42),'Project Info'!$H$12,Holidays!$A$6:$A$205),IF($H42="FF",WORKDAY.INTL(INDEX($T$11:$T$310,MATCH($G42,$A$11:$A$310,0)),N($I42)-MAX(1,IF(ISNUMBER($P42),$P42,N($J42)))+1,'Project Info'!$H$12,Holidays!$A$6:$A$205),WORKDAY.INTL(INDEX($T$11:$T$310,MATCH($G42,$A$11:$A$310,0)),1+N($I42),'Project Info'!$H$12,Holidays!$A$6:$A$205))),0))),IF($AE42="Completed",0,N('Project Info'!$C$11)))-1,1,'Project Info'!$H$12,Holidays!$A$6:$A$205))) | T42: =IF(OR($S42="",$U42=""),"",IF(ISNUMBER($N42),$N42,WORKDAY.INTL($S42,$U42-1,'Project Info'!$H$12,Holidays!$A$6:$A$205))) | U42: =IF(OR($S42="",NOT(ISNUMBER($J42))),"",IF(ISNUMBER($N42),MAX(1,NETWORKDAYS.INTL($S42,$N42,'Project Info'!$H$12,Holidays!$A$6:$A$205)),MAX(1,IF(ISNUMBER($P42),$P42,$J42),IF(ISNUMBER($M42),NETWORKDAYS.INTL($M42,N('Project Info'!$C$11),'Project Info'!$H$12,Holidays!$A$6:$A$205),0)))) | V42: =IF($U42="","",$U42-MAX(1,$J42)) | W42: =IF($B42="","",IF($U42="","Enter Duration",IF($AE42="Completed",IF(NOT(ISNUMBER($N42)),"Completed - enter Actual End",IF($V42>0,"Completed - Overshoot",IF($V42<0,"Completed - Early","Completed - On Time"))),IF($AE42="On Hold","On Hold",IF($AE42="In Progress",IF($V42>0,"In Progress - Overshooting","In Progress - On Track"),IF($S42>$Q42,"Delayed Start","Not Started")))))) | X42: =IF(OR(NOT(ISNUMBER($R42)),NOT(ISNUMBER($T42))),"",IF($T42>=$R42,NETWORKDAYS.INTL($R42,$T42,'Project Info'!$H$12,Holidays!$A$6:$A$205)-1,-(NETWORKDAYS.INTL($T42,$R42,'Project Info'!$H$12,Holidays!$A$6:$A$205)-1))) | Y42: =IF($B42="","",IF(AND(MAX($AC42,$AD42)>0,N($S42)>N($Q42)),"Delayed by Task #"&IF($AC42>=$AD42,$D42,$G42)&" (+"&MAX($AC42,$AD42)&"d)","")) | Z42: =IF($B42="","",COUNTIF($D$11:$D$310,$A42)+COUNTIF($G$11:$G$310,$A42)) | AA42: =IF($B42="","",IF($AE42="Completed",1,IF($AE42="On Hold",4,IF($AE42="In Progress",2,IF(N($S42)>N($Q42),7,3))))) | AB42: =IF($B42="","",IF(OR(AND($D42<>"",ISNUMBER(MATCH($D42,$A$11:$A$310,0))),AND($G42<>"",ISNUMBER(MATCH($G42,$A$11:$A$310,0)))),1,0)) | AC42: =IF($D42="",0,N(IFERROR(INDEX($X$11:$X$310,MATCH($D42,$A$11:$A$310,0)),0))) -> 0 | AD42: =IF($G42="",0,N(IFERROR(INDEX($X$11:$X$310,MATCH($G42,$A$11:$A$310,0)),0))) -> 0 | AE42: =IF($B42="","",IF(ISNUMBER($N42),"Completed",IF($L42="Completed","Completed",IF($L42<>"",$L42,IF(ISNUMBER($M42),"In Progress","Not Started"))))) | AF42: =IF($B42="","",IF($AE42="Completed",1,MIN(1,N($O42)))) | AG42: =IF(OR($S42="",NOT(ISNUMBER($J42))),"",WORKDAY.INTL($S42,MAX(1,$J42)-1,'Project Info'!$H$12,Holidays!$A$6:$A$205)) | AH42: =IF($B42="","",N($J42)*$AF42) | AI42: =IF(ISNUMBER($R42),$R42,0) -> 0 | AJ42: =IF(ISNUMBER($T42),$T42,0) -> 0
A43: =IF($B43="","",ROW()-10) | Q43: =IF(OR($B43="",'Project Info'!$C$9=""),"",WORKDAY.INTL(MAX('Project Info'!$C$9,N($K43),IF($D43="",0,N(IFERROR(IF($E43="SS",WORKDAY.INTL(INDEX($Q$11:$Q$310,MATCH($D43,$A$11:$A$310,0)),N($F43),'Project Info'!$H$12,Holidays!$A$6:$A$205),IF($E43="FF",WORKDAY.INTL(INDEX($R$11:$R$310,MATCH($D43,$A$11:$A$310,0)),N($F43)-MAX(1,N($J43))+1,'Project Info'!$H$12,Holidays!$A$6:$A$205),WORKDAY.INTL(INDEX($R$11:$R$310,MATCH($D43,$A$11:$A$310,0)),1+N($F43),'Project Info'!$H$12,Holidays!$A$6:$A$205))),0))),IF($G43="",0,N(IFERROR(IF($H43="SS",WORKDAY.INTL(INDEX($Q$11:$Q$310,MATCH($G43,$A$11:$A$310,0)),N($I43),'Project Info'!$H$12,Holidays!$A$6:$A$205),IF($H43="FF",WORKDAY.INTL(INDEX($R$11:$R$310,MATCH($G43,$A$11:$A$310,0)),N($I43)-MAX(1,N($J43))+1,'Project Info'!$H$12,Holidays!$A$6:$A$205),WORKDAY.INTL(INDEX($R$11:$R$310,MATCH($G43,$A$11:$A$310,0)),1+N($I43),'Project Info'!$H$12,Holidays!$A$6:$A$205))),0))))-1,1,'Project Info'!$H$12,Holidays!$A$6:$A$205)) | R43: =IF(OR($Q43="",NOT(ISNUMBER($J43))),"",WORKDAY.INTL($Q43,MAX(1,$J43)-1,'Project Info'!$H$12,Holidays!$A$6:$A$205)) | S43: =IF($Q43="","",IF(ISNUMBER($M43),$M43,WORKDAY.INTL(MAX($Q43,IF($D43="",0,N(IFERROR(IF($E43="SS",WORKDAY.INTL(INDEX($S$11:$S$310,MATCH($D43,$A$11:$A$310,0)),N($F43),'Project Info'!$H$12,Holidays!$A$6:$A$205),IF($E43="FF",WORKDAY.INTL(INDEX($T$11:$T$310,MATCH($D43,$A$11:$A$310,0)),N($F43)-MAX(1,IF(ISNUMBER($P43),$P43,N($J43)))+1,'Project Info'!$H$12,Holidays!$A$6:$A$205),WORKDAY.INTL(INDEX($T$11:$T$310,MATCH($D43,$A$11:$A$310,0)),1+N($F43),'Project Info'!$H$12,Holidays!$A$6:$A$205))),0))),IF($G43="",0,N(IFERROR(IF($H43="SS",WORKDAY.INTL(INDEX($S$11:$S$310,MATCH($G43,$A$11:$A$310,0)),N($I43),'Project Info'!$H$12,Holidays!$A$6:$A$205),IF($H43="FF",WORKDAY.INTL(INDEX($T$11:$T$310,MATCH($G43,$A$11:$A$310,0)),N($I43)-MAX(1,IF(ISNUMBER($P43),$P43,N($J43)))+1,'Project Info'!$H$12,Holidays!$A$6:$A$205),WORKDAY.INTL(INDEX($T$11:$T$310,MATCH($G43,$A$11:$A$310,0)),1+N($I43),'Project Info'!$H$12,Holidays!$A$6:$A$205))),0))),IF($AE43="Completed",0,N('Project Info'!$C$11)))-1,1,'Project Info'!$H$12,Holidays!$A$6:$A$205))) | T43: =IF(OR($S43="",$U43=""),"",IF(ISNUMBER($N43),$N43,WORKDAY.INTL($S43,$U43-1,'Project Info'!$H$12,Holidays!$A$6:$A$205))) | U43: =IF(OR($S43="",NOT(ISNUMBER($J43))),"",IF(ISNUMBER($N43),MAX(1,NETWORKDAYS.INTL($S43,$N43,'Project Info'!$H$12,Holidays!$A$6:$A$205)),MAX(1,IF(ISNUMBER($P43),$P43,$J43),IF(ISNUMBER($M43),NETWORKDAYS.INTL($M43,N('Project Info'!$C$11),'Project Info'!$H$12,Holidays!$A$6:$A$205),0)))) | V43: =IF($U43="","",$U43-MAX(1,$J43)) | W43: =IF($B43="","",IF($U43="","Enter Duration",IF($AE43="Completed",IF(NOT(ISNUMBER($N43)),"Completed - enter Actual End",IF($V43>0,"Completed - Overshoot",IF($V43<0,"Completed - Early","Completed - On Time"))),IF($AE43="On Hold","On Hold",IF($AE43="In Progress",IF($V43>0,"In Progress - Overshooting","In Progress - On Track"),IF($S43>$Q43,"Delayed Start","Not Started")))))) | X43: =IF(OR(NOT(ISNUMBER($R43)),NOT(ISNUMBER($T43))),"",IF($T43>=$R43,NETWORKDAYS.INTL($R43,$T43,'Project Info'!$H$12,Holidays!$A$6:$A$205)-1,-(NETWORKDAYS.INTL($T43,$R43,'Project Info'!$H$12,Holidays!$A$6:$A$205)-1))) | Y43: =IF($B43="","",IF(AND(MAX($AC43,$AD43)>0,N($S43)>N($Q43)),"Delayed by Task #"&IF($AC43>=$AD43,$D43,$G43)&" (+"&MAX($AC43,$AD43)&"d)","")) | Z43: =IF($B43="","",COUNTIF($D$11:$D$310,$A43)+COUNTIF($G$11:$G$310,$A43)) | AA43: =IF($B43="","",IF($AE43="Completed",1,IF($AE43="On Hold",4,IF($AE43="In Progress",2,IF(N($S43)>N($Q43),7,3))))) | AB43: =IF($B43="","",IF(OR(AND($D43<>"",ISNUMBER(MATCH($D43,$A$11:$A$310,0))),AND($G43<>"",ISNUMBER(MATCH($G43,$A$11:$A$310,0)))),1,0)) | AC43: =IF($D43="",0,N(IFERROR(INDEX($X$11:$X$310,MATCH($D43,$A$11:$A$310,0)),0))) -> 0 | AD43: =IF($G43="",0,N(IFERROR(INDEX($X$11:$X$310,MATCH($G43,$A$11:$A$310,0)),0))) -> 0 | AE43: =IF($B43="","",IF(ISNUMBER($N43),"Completed",IF($L43="Completed","Completed",IF($L43<>"",$L43,IF(ISNUMBER($M43),"In Progress","Not Started"))))) | AF43: =IF($B43="","",IF($AE43="Completed",1,MIN(1,N($O43)))) | AG43: =IF(OR($S43="",NOT(ISNUMBER($J43))),"",WORKDAY.INTL($S43,MAX(1,$J43)-1,'Project Info'!$H$12,Holidays!$A$6:$A$205)) | AH43: =IF($B43="","",N($J43)*$AF43) | AI43: =IF(ISNUMBER($R43),$R43,0) -> 0 | AJ43: =IF(ISNUMBER($T43),$T43,0) -> 0
A44: =IF($B44="","",ROW()-10) | Q44: =IF(OR($B44="",'Project Info'!$C$9=""),"",WORKDAY.INTL(MAX('Project Info'!$C$9,N($K44),IF($D44="",0,N(IFERROR(IF($E44="SS",WORKDAY.INTL(INDEX($Q$11:$Q$310,MATCH($D44,$A$11:$A$310,0)),N($F44),'Project Info'!$H$12,Holidays!$A$6:$A$205),IF($E44="FF",WORKDAY.INTL(INDEX($R$11:$R$310,MATCH($D44,$A$11:$A$310,0)),N($F44)-MAX(1,N($J44))+1,'Project Info'!$H$12,Holidays!$A$6:$A$205),WORKDAY.INTL(INDEX($R$11:$R$310,MATCH($D44,$A$11:$A$310,0)),1+N($F44),'Project Info'!$H$12,Holidays!$A$6:$A$205))),0))),IF($G44="",0,N(IFERROR(IF($H44="SS",WORKDAY.INTL(INDEX($Q$11:$Q$310,MATCH($G44,$A$11:$A$310,0)),N($I44),'Project Info'!$H$12,Holidays!$A$6:$A$205),IF($H44="FF",WORKDAY.INTL(INDEX($R$11:$R$310,MATCH($G44,$A$11:$A$310,0)),N($I44)-MAX(1,N($J44))+1,'Project Info'!$H$12,Holidays!$A$6:$A$205),WORKDAY.INTL(INDEX($R$11:$R$310,MATCH($G44,$A$11:$A$310,0)),1+N($I44),'Project Info'!$H$12,Holidays!$A$6:$A$205))),0))))-1,1,'Project Info'!$H$12,Holidays!$A$6:$A$205)) | R44: =IF(OR($Q44="",NOT(ISNUMBER($J44))),"",WORKDAY.INTL($Q44,MAX(1,$J44)-1,'Project Info'!$H$12,Holidays!$A$6:$A$205)) | S44: =IF($Q44="","",IF(ISNUMBER($M44),$M44,WORKDAY.INTL(MAX($Q44,IF($D44="",0,N(IFERROR(IF($E44="SS",WORKDAY.INTL(INDEX($S$11:$S$310,MATCH($D44,$A$11:$A$310,0)),N($F44),'Project Info'!$H$12,Holidays!$A$6:$A$205),IF($E44="FF",WORKDAY.INTL(INDEX($T$11:$T$310,MATCH($D44,$A$11:$A$310,0)),N($F44)-MAX(1,IF(ISNUMBER($P44),$P44,N($J44)))+1,'Project Info'!$H$12,Holidays!$A$6:$A$205),WORKDAY.INTL(INDEX($T$11:$T$310,MATCH($D44,$A$11:$A$310,0)),1+N($F44),'Project Info'!$H$12,Holidays!$A$6:$A$205))),0))),IF($G44="",0,N(IFERROR(IF($H44="SS",WORKDAY.INTL(INDEX($S$11:$S$310,MATCH($G44,$A$11:$A$310,0)),N($I44),'Project Info'!$H$12,Holidays!$A$6:$A$205),IF($H44="FF",WORKDAY.INTL(INDEX($T$11:$T$310,MATCH($G44,$A$11:$A$310,0)),N($I44)-MAX(1,IF(ISNUMBER($P44),$P44,N($J44)))+1,'Project Info'!$H$12,Holidays!$A$6:$A$205),WORKDAY.INTL(INDEX($T$11:$T$310,MATCH($G44,$A$11:$A$310,0)),1+N($I44),'Project Info'!$H$12,Holidays!$A$6:$A$205))),0))),IF($AE44="Completed",0,N('Project Info'!$C$11)))-1,1,'Project Info'!$H$12,Holidays!$A$6:$A$205))) | T44: =IF(OR($S44="",$U44=""),"",IF(ISNUMBER($N44),$N44,WORKDAY.INTL($S44,$U44-1,'Project Info'!$H$12,Holidays!$A$6:$A$205))) | U44: =IF(OR($S44="",NOT(ISNUMBER($J44))),"",IF(ISNUMBER($N44),MAX(1,NETWORKDAYS.INTL($S44,$N44,'Project Info'!$H$12,Holidays!$A$6:$A$205)),MAX(1,IF(ISNUMBER($P44),$P44,$J44),IF(ISNUMBER($M44),NETWORKDAYS.INTL($M44,N('Project Info'!$C$11),'Project Info'!$H$12,Holidays!$A$6:$A$205),0)))) | V44: =IF($U44="","",$U44-MAX(1,$J44)) | W44: =IF($B44="","",IF($U44="","Enter Duration",IF($AE44="Completed",IF(NOT(ISNUMBER($N44)),"Completed - enter Actual End",IF($V44>0,"Completed - Overshoot",IF($V44<0,"Completed - Early","Completed - On Time"))),IF($AE44="On Hold","On Hold",IF($AE44="In Progress",IF($V44>0,"In Progress - Overshooting","In Progress - On Track"),IF($S44>$Q44,"Delayed Start","Not Started")))))) | X44: =IF(OR(NOT(ISNUMBER($R44)),NOT(ISNUMBER($T44))),"",IF($T44>=$R44,NETWORKDAYS.INTL($R44,$T44,'Project Info'!$H$12,Holidays!$A$6:$A$205)-1,-(NETWORKDAYS.INTL($T44,$R44,'Project Info'!$H$12,Holidays!$A$6:$A$205)-1))) | Y44: =IF($B44="","",IF(AND(MAX($AC44,$AD44)>0,N($S44)>N($Q44)),"Delayed by Task #"&IF($AC44>=$AD44,$D44,$G44)&" (+"&MAX($AC44,$AD44)&"d)","")) | Z44: =IF($B44="","",COUNTIF($D$11:$D$310,$A44)+COUNTIF($G$11:$G$310,$A44)) | AA44: =IF($B44="","",IF($AE44="Completed",1,IF($AE44="On Hold",4,IF($AE44="In Progress",2,IF(N($S44)>N($Q44),7,3))))) | AB44: =IF($B44="","",IF(OR(AND($D44<>"",ISNUMBER(MATCH($D44,$A$11:$A$310,0))),AND($G44<>"",ISNUMBER(MATCH($G44,$A$11:$A$310,0)))),1,0)) | AC44: =IF($D44="",0,N(IFERROR(INDEX($X$11:$X$310,MATCH($D44,$A$11:$A$310,0)),0))) -> 0 | AD44: =IF($G44="",0,N(IFERROR(INDEX($X$11:$X$310,MATCH($G44,$A$11:$A$310,0)),0))) -> 0 | AE44: =IF($B44="","",IF(ISNUMBER($N44),"Completed",IF($L44="Completed","Completed",IF($L44<>"",$L44,IF(ISNUMBER($M44),"In Progress","Not Started"))))) | AF44: =IF($B44="","",IF($AE44="Completed",1,MIN(1,N($O44)))) | AG44: =IF(OR($S44="",NOT(ISNUMBER($J44))),"",WORKDAY.INTL($S44,MAX(1,$J44)-1,'Project Info'!$H$12,Holidays!$A$6:$A$205)) | AH44: =IF($B44="","",N($J44)*$AF44) | AI44: =IF(ISNUMBER($R44),$R44,0) -> 0 | AJ44: =IF(ISNUMBER($T44),$T44,0) -> 0
A45: =IF($B45="","",ROW()-10) | Q45: =IF(OR($B45="",'Project Info'!$C$9=""),"",WORKDAY.INTL(MAX('Project Info'!$C$9,N($K45),IF($D45="",0,N(IFERROR(IF($E45="SS",WORKDAY.INTL(INDEX($Q$11:$Q$310,MATCH($D45,$A$11:$A$310,0)),N($F45),'Project Info'!$H$12,Holidays!$A$6:$A$205),IF($E45="FF",WORKDAY.INTL(INDEX($R$11:$R$310,MATCH($D45,$A$11:$A$310,0)),N($F45)-MAX(1,N($J45))+1,'Project Info'!$H$12,Holidays!$A$6:$A$205),WORKDAY.INTL(INDEX($R$11:$R$310,MATCH($D45,$A$11:$A$310,0)),1+N($F45),'Project Info'!$H$12,Holidays!$A$6:$A$205))),0))),IF($G45="",0,N(IFERROR(IF($H45="SS",WORKDAY.INTL(INDEX($Q$11:$Q$310,MATCH($G45,$A$11:$A$310,0)),N($I45),'Project Info'!$H$12,Holidays!$A$6:$A$205),IF($H45="FF",WORKDAY.INTL(INDEX($R$11:$R$310,MATCH($G45,$A$11:$A$310,0)),N($I45)-MAX(1,N($J45))+1,'Project Info'!$H$12,Holidays!$A$6:$A$205),WORKDAY.INTL(INDEX($R$11:$R$310,MATCH($G45,$A$11:$A$310,0)),1+N($I45),'Project Info'!$H$12,Holidays!$A$6:$A$205))),0))))-1,1,'Project Info'!$H$12,Holidays!$A$6:$A$205)) | R45: =IF(OR($Q45="",NOT(ISNUMBER($J45))),"",WORKDAY.INTL($Q45,MAX(1,$J45)-1,'Project Info'!$H$12,Holidays!$A$6:$A$205)) | S45: =IF($Q45="","",IF(ISNUMBER($M45),$M45,WORKDAY.INTL(MAX($Q45,IF($D45="",0,N(IFERROR(IF($E45="SS",WORKDAY.INTL(INDEX($S$11:$S$310,MATCH($D45,$A$11:$A$310,0)),N($F45),'Project Info'!$H$12,Holidays!$A$6:$A$205),IF($E45="FF",WORKDAY.INTL(INDEX($T$11:$T$310,MATCH($D45,$A$11:$A$310,0)),N($F45)-MAX(1,IF(ISNUMBER($P45),$P45,N($J45)))+1,'Project Info'!$H$12,Holidays!$A$6:$A$205),WORKDAY.INTL(INDEX($T$11:$T$310,MATCH($D45,$A$11:$A$310,0)),1+N($F45),'Project Info'!$H$12,Holidays!$A$6:$A$205))),0))),IF($G45="",0,N(IFERROR(IF($H45="SS",WORKDAY.INTL(INDEX($S$11:$S$310,MATCH($G45,$A$11:$A$310,0)),N($I45),'Project Info'!$H$12,Holidays!$A$6:$A$205),IF($H45="FF",WORKDAY.INTL(INDEX($T$11:$T$310,MATCH($G45,$A$11:$A$310,0)),N($I45)-MAX(1,IF(ISNUMBER($P45),$P45,N($J45)))+1,'Project Info'!$H$12,Holidays!$A$6:$A$205),WORKDAY.INTL(INDEX($T$11:$T$310,MATCH($G45,$A$11:$A$310,0)),1+N($I45),'Project Info'!$H$12,Holidays!$A$6:$A$205))),0))),IF($AE45="Completed",0,N('Project Info'!$C$11)))-1,1,'Project Info'!$H$12,Holidays!$A$6:$A$205))) | T45: =IF(OR($S45="",$U45=""),"",IF(ISNUMBER($N45),$N45,WORKDAY.INTL($S45,$U45-1,'Project Info'!$H$12,Holidays!$A$6:$A$205))) | U45: =IF(OR($S45="",NOT(ISNUMBER($J45))),"",IF(ISNUMBER($N45),MAX(1,NETWORKDAYS.INTL($S45,$N45,'Project Info'!$H$12,Holidays!$A$6:$A$205)),MAX(1,IF(ISNUMBER($P45),$P45,$J45),IF(ISNUMBER($M45),NETWORKDAYS.INTL($M45,N('Project Info'!$C$11),'Project Info'!$H$12,Holidays!$A$6:$A$205),0)))) | V45: =IF($U45="","",$U45-MAX(1,$J45)) | W45: =IF($B45="","",IF($U45="","Enter Duration",IF($AE45="Completed",IF(NOT(ISNUMBER($N45)),"Completed - enter Actual End",IF($V45>0,"Completed - Overshoot",IF($V45<0,"Completed - Early","Completed - On Time"))),IF($AE45="On Hold","On Hold",IF($AE45="In Progress",IF($V45>0,"In Progress - Overshooting","In Progress - On Track"),IF($S45>$Q45,"Delayed Start","Not Started")))))) | X45: =IF(OR(NOT(ISNUMBER($R45)),NOT(ISNUMBER($T45))),"",IF($T45>=$R45,NETWORKDAYS.INTL($R45,$T45,'Project Info'!$H$12,Holidays!$A$6:$A$205)-1,-(NETWORKDAYS.INTL($T45,$R45,'Project Info'!$H$12,Holidays!$A$6:$A$205)-1))) | Y45: =IF($B45="","",IF(AND(MAX($AC45,$AD45)>0,N($S45)>N($Q45)),"Delayed by Task #"&IF($AC45>=$AD45,$D45,$G45)&" (+"&MAX($AC45,$AD45)&"d)","")) | Z45: =IF($B45="","",COUNTIF($D$11:$D$310,$A45)+COUNTIF($G$11:$G$310,$A45)) | AA45: =IF($B45="","",IF($AE45="Completed",1,IF($AE45="On Hold",4,IF($AE45="In Progress",2,IF(N($S45)>N($Q45),7,3))))) | AB45: =IF($B45="","",IF(OR(AND($D45<>"",ISNUMBER(MATCH($D45,$A$11:$A$310,0))),AND($G45<>"",ISNUMBER(MATCH($G45,$A$11:$A$310,0)))),1,0)) | AC45: =IF($D45="",0,N(IFERROR(INDEX($X$11:$X$310,MATCH($D45,$A$11:$A$310,0)),0))) -> 0 | AD45: =IF($G45="",0,N(IFERROR(INDEX($X$11:$X$310,MATCH($G45,$A$11:$A$310,0)),0))) -> 0 | AE45: =IF($B45="","",IF(ISNUMBER($N45),"Completed",IF($L45="Completed","Completed",IF($L45<>"",$L45,IF(ISNUMBER($M45),"In Progress","Not Started"))))) | AF45: =IF($B45="","",IF($AE45="Completed",1,MIN(1,N($O45)))) | AG45: =IF(OR($S45="",NOT(ISNUMBER($J45))),"",WORKDAY.INTL($S45,MAX(1,$J45)-1,'Project Info'!$H$12,Holidays!$A$6:$A$205)) | AH45: =IF($B45="","",N($J45)*$AF45) | AI45: =IF(ISNUMBER($R45),$R45,0) -> 0 | AJ45: =IF(ISNUMBER($T45),$T45,0) -> 0
A46: =IF($B46="","",ROW()-10) | Q46: =IF(OR($B46="",'Project Info'!$C$9=""),"",WORKDAY.INTL(MAX('Project Info'!$C$9,N($K46),IF($D46="",0,N(IFERROR(IF($E46="SS",WORKDAY.INTL(INDEX($Q$11:$Q$310,MATCH($D46,$A$11:$A$310,0)),N($F46),'Project Info'!$H$12,Holidays!$A$6:$A$205),IF($E46="FF",WORKDAY.INTL(INDEX($R$11:$R$310,MATCH($D46,$A$11:$A$310,0)),N($F46)-MAX(1,N($J46))+1,'Project Info'!$H$12,Holidays!$A$6:$A$205),WORKDAY.INTL(INDEX($R$11:$R$310,MATCH($D46,$A$11:$A$310,0)),1+N($F46),'Project Info'!$H$12,Holidays!$A$6:$A$205))),0))),IF($G46="",0,N(IFERROR(IF($H46="SS",WORKDAY.INTL(INDEX($Q$11:$Q$310,MATCH($G46,$A$11:$A$310,0)),N($I46),'Project Info'!$H$12,Holidays!$A$6:$A$205),IF($H46="FF",WORKDAY.INTL(INDEX($R$11:$R$310,MATCH($G46,$A$11:$A$310,0)),N($I46)-MAX(1,N($J46))+1,'Project Info'!$H$12,Holidays!$A$6:$A$205),WORKDAY.INTL(INDEX($R$11:$R$310,MATCH($G46,$A$11:$A$310,0)),1+N($I46),'Project Info'!$H$12,Holidays!$A$6:$A$205))),0))))-1,1,'Project Info'!$H$12,Holidays!$A$6:$A$205)) | R46: =IF(OR($Q46="",NOT(ISNUMBER($J46))),"",WORKDAY.INTL($Q46,MAX(1,$J46)-1,'Project Info'!$H$12,Holidays!$A$6:$A$205)) | S46: =IF($Q46="","",IF(ISNUMBER($M46),$M46,WORKDAY.INTL(MAX($Q46,IF($D46="",0,N(IFERROR(IF($E46="SS",WORKDAY.INTL(INDEX($S$11:$S$310,MATCH($D46,$A$11:$A$310,0)),N($F46),'Project Info'!$H$12,Holidays!$A$6:$A$205),IF($E46="FF",WORKDAY.INTL(INDEX($T$11:$T$310,MATCH($D46,$A$11:$A$310,0)),N($F46)-MAX(1,IF(ISNUMBER($P46),$P46,N($J46)))+1,'Project Info'!$H$12,Holidays!$A$6:$A$205),WORKDAY.INTL(INDEX($T$11:$T$310,MATCH($D46,$A$11:$A$310,0)),1+N($F46),'Project Info'!$H$12,Holidays!$A$6:$A$205))),0))),IF($G46="",0,N(IFERROR(IF($H46="SS",WORKDAY.INTL(INDEX($S$11:$S$310,MATCH($G46,$A$11:$A$310,0)),N($I46),'Project Info'!$H$12,Holidays!$A$6:$A$205),IF($H46="FF",WORKDAY.INTL(INDEX($T$11:$T$310,MATCH($G46,$A$11:$A$310,0)),N($I46)-MAX(1,IF(ISNUMBER($P46),$P46,N($J46)))+1,'Project Info'!$H$12,Holidays!$A$6:$A$205),WORKDAY.INTL(INDEX($T$11:$T$310,MATCH($G46,$A$11:$A$310,0)),1+N($I46),'Project Info'!$H$12,Holidays!$A$6:$A$205))),0))),IF($AE46="Completed",0,N('Project Info'!$C$11)))-1,1,'Project Info'!$H$12,Holidays!$A$6:$A$205))) | T46: =IF(OR($S46="",$U46=""),"",IF(ISNUMBER($N46),$N46,WORKDAY.INTL($S46,$U46-1,'Project Info'!$H$12,Holidays!$A$6:$A$205))) | U46: =IF(OR($S46="",NOT(ISNUMBER($J46))),"",IF(ISNUMBER($N46),MAX(1,NETWORKDAYS.INTL($S46,$N46,'Project Info'!$H$12,Holidays!$A$6:$A$205)),MAX(1,IF(ISNUMBER($P46),$P46,$J46),IF(ISNUMBER($M46),NETWORKDAYS.INTL($M46,N('Project Info'!$C$11),'Project Info'!$H$12,Holidays!$A$6:$A$205),0)))) | V46: =IF($U46="","",$U46-MAX(1,$J46)) | W46: =IF($B46="","",IF($U46="","Enter Duration",IF($AE46="Completed",IF(NOT(ISNUMBER($N46)),"Completed - enter Actual End",IF($V46>0,"Completed - Overshoot",IF($V46<0,"Completed - Early","Completed - On Time"))),IF($AE46="On Hold","On Hold",IF($AE46="In Progress",IF($V46>0,"In Progress - Overshooting","In Progress - On Track"),IF($S46>$Q46,"Delayed Start","Not Started")))))) | X46: =IF(OR(NOT(ISNUMBER($R46)),NOT(ISNUMBER($T46))),"",IF($T46>=$R46,NETWORKDAYS.INTL($R46,$T46,'Project Info'!$H$12,Holidays!$A$6:$A$205)-1,-(NETWORKDAYS.INTL($T46,$R46,'Project Info'!$H$12,Holidays!$A$6:$A$205)-1))) | Y46: =IF($B46="","",IF(AND(MAX($AC46,$AD46)>0,N($S46)>N($Q46)),"Delayed by Task #"&IF($AC46>=$AD46,$D46,$G46)&" (+"&MAX($AC46,$AD46)&"d)","")) | Z46: =IF($B46="","",COUNTIF($D$11:$D$310,$A46)+COUNTIF($G$11:$G$310,$A46)) | AA46: =IF($B46="","",IF($AE46="Completed",1,IF($AE46="On Hold",4,IF($AE46="In Progress",2,IF(N($S46)>N($Q46),7,3))))) | AB46: =IF($B46="","",IF(OR(AND($D46<>"",ISNUMBER(MATCH($D46,$A$11:$A$310,0))),AND($G46<>"",ISNUMBER(MATCH($G46,$A$11:$A$310,0)))),1,0)) | AC46: =IF($D46="",0,N(IFERROR(INDEX($X$11:$X$310,MATCH($D46,$A$11:$A$310,0)),0))) -> 0 | AD46: =IF($G46="",0,N(IFERROR(INDEX($X$11:$X$310,MATCH($G46,$A$11:$A$310,0)),0))) -> 0 | AE46: =IF($B46="","",IF(ISNUMBER($N46),"Completed",IF($L46="Completed","Completed",IF($L46<>"",$L46,IF(ISNUMBER($M46),"In Progress","Not Started"))))) | AF46: =IF($B46="","",IF($AE46="Completed",1,MIN(1,N($O46)))) | AG46: =IF(OR($S46="",NOT(ISNUMBER($J46))),"",WORKDAY.INTL($S46,MAX(1,$J46)-1,'Project Info'!$H$12,Holidays!$A$6:$A$205)) | AH46: =IF($B46="","",N($J46)*$AF46) | AI46: =IF(ISNUMBER($R46),$R46,0) -> 0 | AJ46: =IF(ISNUMBER($T46),$T46,0) -> 0
A47: =IF($B47="","",ROW()-10) | Q47: =IF(OR($B47="",'Project Info'!$C$9=""),"",WORKDAY.INTL(MAX('Project Info'!$C$9,N($K47),IF($D47="",0,N(IFERROR(IF($E47="SS",WORKDAY.INTL(INDEX($Q$11:$Q$310,MATCH($D47,$A$11:$A$310,0)),N($F47),'Project Info'!$H$12,Holidays!$A$6:$A$205),IF($E47="FF",WORKDAY.INTL(INDEX($R$11:$R$310,MATCH($D47,$A$11:$A$310,0)),N($F47)-MAX(1,N($J47))+1,'Project Info'!$H$12,Holidays!$A$6:$A$205),WORKDAY.INTL(INDEX($R$11:$R$310,MATCH($D47,$A$11:$A$310,0)),1+N($F47),'Project Info'!$H$12,Holidays!$A$6:$A$205))),0))),IF($G47="",0,N(IFERROR(IF($H47="SS",WORKDAY.INTL(INDEX($Q$11:$Q$310,MATCH($G47,$A$11:$A$310,0)),N($I47),'Project Info'!$H$12,Holidays!$A$6:$A$205),IF($H47="FF",WORKDAY.INTL(INDEX($R$11:$R$310,MATCH($G47,$A$11:$A$310,0)),N($I47)-MAX(1,N($J47))+1,'Project Info'!$H$12,Holidays!$A$6:$A$205),WORKDAY.INTL(INDEX($R$11:$R$310,MATCH($G47,$A$11:$A$310,0)),1+N($I47),'Project Info'!$H$12,Holidays!$A$6:$A$205))),0))))-1,1,'Project Info'!$H$12,Holidays!$A$6:$A$205)) | R47: =IF(OR($Q47="",NOT(ISNUMBER($J47))),"",WORKDAY.INTL($Q47,MAX(1,$J47)-1,'Project Info'!$H$12,Holidays!$A$6:$A$205)) | S47: =IF($Q47="","",IF(ISNUMBER($M47),$M47,WORKDAY.INTL(MAX($Q47,IF($D47="",0,N(IFERROR(IF($E47="SS",WORKDAY.INTL(INDEX($S$11:$S$310,MATCH($D47,$A$11:$A$310,0)),N($F47),'Project Info'!$H$12,Holidays!$A$6:$A$205),IF($E47="FF",WORKDAY.INTL(INDEX($T$11:$T$310,MATCH($D47,$A$11:$A$310,0)),N($F47)-MAX(1,IF(ISNUMBER($P47),$P47,N($J47)))+1,'Project Info'!$H$12,Holidays!$A$6:$A$205),WORKDAY.INTL(INDEX($T$11:$T$310,MATCH($D47,$A$11:$A$310,0)),1+N($F47),'Project Info'!$H$12,Holidays!$A$6:$A$205))),0))),IF($G47="",0,N(IFERROR(IF($H47="SS",WORKDAY.INTL(INDEX($S$11:$S$310,MATCH($G47,$A$11:$A$310,0)),N($I47),'Project Info'!$H$12,Holidays!$A$6:$A$205),IF($H47="FF",WORKDAY.INTL(INDEX($T$11:$T$310,MATCH($G47,$A$11:$A$310,0)),N($I47)-MAX(1,IF(ISNUMBER($P47),$P47,N($J47)))+1,'Project Info'!$H$12,Holidays!$A$6:$A$205),WORKDAY.INTL(INDEX($T$11:$T$310,MATCH($G47,$A$11:$A$310,0)),1+N($I47),'Project Info'!$H$12,Holidays!$A$6:$A$205))),0))),IF($AE47="Completed",0,N('Project Info'!$C$11)))-1,1,'Project Info'!$H$12,Holidays!$A$6:$A$205))) | T47: =IF(OR($S47="",$U47=""),"",IF(ISNUMBER($N47),$N47,WORKDAY.INTL($S47,$U47-1,'Project Info'!$H$12,Holidays!$A$6:$A$205))) | U47: =IF(OR($S47="",NOT(ISNUMBER($J47))),"",IF(ISNUMBER($N47),MAX(1,NETWORKDAYS.INTL($S47,$N47,'Project Info'!$H$12,Holidays!$A$6:$A$205)),MAX(1,IF(ISNUMBER($P47),$P47,$J47),IF(ISNUMBER($M47),NETWORKDAYS.INTL($M47,N('Project Info'!$C$11),'Project Info'!$H$12,Holidays!$A$6:$A$205),0)))) | V47: =IF($U47="","",$U47-MAX(1,$J47)) | W47: =IF($B47="","",IF($U47="","Enter Duration",IF($AE47="Completed",IF(NOT(ISNUMBER($N47)),"Completed - enter Actual End",IF($V47>0,"Completed - Overshoot",IF($V47<0,"Completed - Early","Completed - On Time"))),IF($AE47="On Hold","On Hold",IF($AE47="In Progress",IF($V47>0,"In Progress - Overshooting","In Progress - On Track"),IF($S47>$Q47,"Delayed Start","Not Started")))))) | X47: =IF(OR(NOT(ISNUMBER($R47)),NOT(ISNUMBER($T47))),"",IF($T47>=$R47,NETWORKDAYS.INTL($R47,$T47,'Project Info'!$H$12,Holidays!$A$6:$A$205)-1,-(NETWORKDAYS.INTL($T47,$R47,'Project Info'!$H$12,Holidays!$A$6:$A$205)-1))) | Y47: =IF($B47="","",IF(AND(MAX($AC47,$AD47)>0,N($S47)>N($Q47)),"Delayed by Task #"&IF($AC47>=$AD47,$D47,$G47)&" (+"&MAX($AC47,$AD47)&"d)","")) | Z47: =IF($B47="","",COUNTIF($D$11:$D$310,$A47)+COUNTIF($G$11:$G$310,$A47)) | AA47: =IF($B47="","",IF($AE47="Completed",1,IF($AE47="On Hold",4,IF($AE47="In Progress",2,IF(N($S47)>N($Q47),7,3))))) | AB47: =IF($B47="","",IF(OR(AND($D47<>"",ISNUMBER(MATCH($D47,$A$11:$A$310,0))),AND($G47<>"",ISNUMBER(MATCH($G47,$A$11:$A$310,0)))),1,0)) | AC47: =IF($D47="",0,N(IFERROR(INDEX($X$11:$X$310,MATCH($D47,$A$11:$A$310,0)),0))) -> 0 | AD47: =IF($G47="",0,N(IFERROR(INDEX($X$11:$X$310,MATCH($G47,$A$11:$A$310,0)),0))) -> 0 | AE47: =IF($B47="","",IF(ISNUMBER($N47),"Completed",IF($L47="Completed","Completed",IF($L47<>"",$L47,IF(ISNUMBER($M47),"In Progress","Not Started"))))) | AF47: =IF($B47="","",IF($AE47="Completed",1,MIN(1,N($O47)))) | AG47: =IF(OR($S47="",NOT(ISNUMBER($J47))),"",WORKDAY.INTL($S47,MAX(1,$J47)-1,'Project Info'!$H$12,Holidays!$A$6:$A$205)) | AH47: =IF($B47="","",N($J47)*$AF47) | AI47: =IF(ISNUMBER($R47),$R47,0) -> 0 | AJ47: =IF(ISNUMBER($T47),$T47,0) -> 0
A48: =IF($B48="","",ROW()-10) | Q48: =IF(OR($B48="",'Project Info'!$C$9=""),"",WORKDAY.INTL(MAX('Project Info'!$C$9,N($K48),IF($D48="",0,N(IFERROR(IF($E48="SS",WORKDAY.INTL(INDEX($Q$11:$Q$310,MATCH($D48,$A$11:$A$310,0)),N($F48),'Project Info'!$H$12,Holidays!$A$6:$A$205),IF($E48="FF",WORKDAY.INTL(INDEX($R$11:$R$310,MATCH($D48,$A$11:$A$310,0)),N($F48)-MAX(1,N($J48))+1,'Project Info'!$H$12,Holidays!$A$6:$A$205),WORKDAY.INTL(INDEX($R$11:$R$310,MATCH($D48,$A$11:$A$310,0)),1+N($F48),'Project Info'!$H$12,Holidays!$A$6:$A$205))),0))),IF($G48="",0,N(IFERROR(IF($H48="SS",WORKDAY.INTL(INDEX($Q$11:$Q$310,MATCH($G48,$A$11:$A$310,0)),N($I48),'Project Info'!$H$12,Holidays!$A$6:$A$205),IF($H48="FF",WORKDAY.INTL(INDEX($R$11:$R$310,MATCH($G48,$A$11:$A$310,0)),N($I48)-MAX(1,N($J48))+1,'Project Info'!$H$12,Holidays!$A$6:$A$205),WORKDAY.INTL(INDEX($R$11:$R$310,MATCH($G48,$A$11:$A$310,0)),1+N($I48),'Project Info'!$H$12,Holidays!$A$6:$A$205))),0))))-1,1,'Project Info'!$H$12,Holidays!$A$6:$A$205)) | R48: =IF(OR($Q48="",NOT(ISNUMBER($J48))),"",WORKDAY.INTL($Q48,MAX(1,$J48)-1,'Project Info'!$H$12,Holidays!$A$6:$A$205)) | S48: =IF($Q48="","",IF(ISNUMBER($M48),$M48,WORKDAY.INTL(MAX($Q48,IF($D48="",0,N(IFERROR(IF($E48="SS",WORKDAY.INTL(INDEX($S$11:$S$310,MATCH($D48,$A$11:$A$310,0)),N($F48),'Project Info'!$H$12,Holidays!$A$6:$A$205),IF($E48="FF",WORKDAY.INTL(INDEX($T$11:$T$310,MATCH($D48,$A$11:$A$310,0)),N($F48)-MAX(1,IF(ISNUMBER($P48),$P48,N($J48)))+1,'Project Info'!$H$12,Holidays!$A$6:$A$205),WORKDAY.INTL(INDEX($T$11:$T$310,MATCH($D48,$A$11:$A$310,0)),1+N($F48),'Project Info'!$H$12,Holidays!$A$6:$A$205))),0))),IF($G48="",0,N(IFERROR(IF($H48="SS",WORKDAY.INTL(INDEX($S$11:$S$310,MATCH($G48,$A$11:$A$310,0)),N($I48),'Project Info'!$H$12,Holidays!$A$6:$A$205),IF($H48="FF",WORKDAY.INTL(INDEX($T$11:$T$310,MATCH($G48,$A$11:$A$310,0)),N($I48)-MAX(1,IF(ISNUMBER($P48),$P48,N($J48)))+1,'Project Info'!$H$12,Holidays!$A$6:$A$205),WORKDAY.INTL(INDEX($T$11:$T$310,MATCH($G48,$A$11:$A$310,0)),1+N($I48),'Project Info'!$H$12,Holidays!$A$6:$A$205))),0))),IF($AE48="Completed",0,N('Project Info'!$C$11)))-1,1,'Project Info'!$H$12,Holidays!$A$6:$A$205))) | T48: =IF(OR($S48="",$U48=""),"",IF(ISNUMBER($N48),$N48,WORKDAY.INTL($S48,$U48-1,'Project Info'!$H$12,Holidays!$A$6:$A$205))) | U48: =IF(OR($S48="",NOT(ISNUMBER($J48))),"",IF(ISNUMBER($N48),MAX(1,NETWORKDAYS.INTL($S48,$N48,'Project Info'!$H$12,Holidays!$A$6:$A$205)),MAX(1,IF(ISNUMBER($P48),$P48,$J48),IF(ISNUMBER($M48),NETWORKDAYS.INTL($M48,N('Project Info'!$C$11),'Project Info'!$H$12,Holidays!$A$6:$A$205),0)))) | V48: =IF($U48="","",$U48-MAX(1,$J48)) | W48: =IF($B48="","",IF($U48="","Enter Duration",IF($AE48="Completed",IF(NOT(ISNUMBER($N48)),"Completed - enter Actual End",IF($V48>0,"Completed - Overshoot",IF($V48<0,"Completed - Early","Completed - On Time"))),IF($AE48="On Hold","On Hold",IF($AE48="In Progress",IF($V48>0,"In Progress - Overshooting","In Progress - On Track"),IF($S48>$Q48,"Delayed Start","Not Started")))))) | X48: =IF(OR(NOT(ISNUMBER($R48)),NOT(ISNUMBER($T48))),"",IF($T48>=$R48,NETWORKDAYS.INTL($R48,$T48,'Project Info'!$H$12,Holidays!$A$6:$A$205)-1,-(NETWORKDAYS.INTL($T48,$R48,'Project Info'!$H$12,Holidays!$A$6:$A$205)-1))) | Y48: =IF($B48="","",IF(AND(MAX($AC48,$AD48)>0,N($S48)>N($Q48)),"Delayed by Task #"&IF($AC48>=$AD48,$D48,$G48)&" (+"&MAX($AC48,$AD48)&"d)","")) | Z48: =IF($B48="","",COUNTIF($D$11:$D$310,$A48)+COUNTIF($G$11:$G$310,$A48)) | AA48: =IF($B48="","",IF($AE48="Completed",1,IF($AE48="On Hold",4,IF($AE48="In Progress",2,IF(N($S48)>N($Q48),7,3))))) | AB48: =IF($B48="","",IF(OR(AND($D48<>"",ISNUMBER(MATCH($D48,$A$11:$A$310,0))),AND($G48<>"",ISNUMBER(MATCH($G48,$A$11:$A$310,0)))),1,0)) | AC48: =IF($D48="",0,N(IFERROR(INDEX($X$11:$X$310,MATCH($D48,$A$11:$A$310,0)),0))) -> 0 | AD48: =IF($G48="",0,N(IFERROR(INDEX($X$11:$X$310,MATCH($G48,$A$11:$A$310,0)),0))) -> 0 | AE48: =IF($B48="","",IF(ISNUMBER($N48),"Completed",IF($L48="Completed","Completed",IF($L48<>"",$L48,IF(ISNUMBER($M48),"In Progress","Not Started"))))) | AF48: =IF($B48="","",IF($AE48="Completed",1,MIN(1,N($O48)))) | AG48: =IF(OR($S48="",NOT(ISNUMBER($J48))),"",WORKDAY.INTL($S48,MAX(1,$J48)-1,'Project Info'!$H$12,Holidays!$A$6:$A$205)) | AH48: =IF($B48="","",N($J48)*$AF48) | AI48: =IF(ISNUMBER($R48),$R48,0) -> 0 | AJ48: =IF(ISNUMBER($T48),$T48,0) -> 0
A49: =IF($B49="","",ROW()-10) | Q49: =IF(OR($B49="",'Project Info'!$C$9=""),"",WORKDAY.INTL(MAX('Project Info'!$C$9,N($K49),IF($D49="",0,N(IFERROR(IF($E49="SS",WORKDAY.INTL(INDEX($Q$11:$Q$310,MATCH($D49,$A$11:$A$310,0)),N($F49),'Project Info'!$H$12,Holidays!$A$6:$A$205),IF($E49="FF",WORKDAY.INTL(INDEX($R$11:$R$310,MATCH($D49,$A$11:$A$310,0)),N($F49)-MAX(1,N($J49))+1,'Project Info'!$H$12,Holidays!$A$6:$A$205),WORKDAY.INTL(INDEX($R$11:$R$310,MATCH($D49,$A$11:$A$310,0)),1+N($F49),'Project Info'!$H$12,Holidays!$A$6:$A$205))),0))),IF($G49="",0,N(IFERROR(IF($H49="SS",WORKDAY.INTL(INDEX($Q$11:$Q$310,MATCH($G49,$A$11:$A$310,0)),N($I49),'Project Info'!$H$12,Holidays!$A$6:$A$205),IF($H49="FF",WORKDAY.INTL(INDEX($R$11:$R$310,MATCH($G49,$A$11:$A$310,0)),N($I49)-MAX(1,N($J49))+1,'Project Info'!$H$12,Holidays!$A$6:$A$205),WORKDAY.INTL(INDEX($R$11:$R$310,MATCH($G49,$A$11:$A$310,0)),1+N($I49),'Project Info'!$H$12,Holidays!$A$6:$A$205))),0))))-1,1,'Project Info'!$H$12,Holidays!$A$6:$A$205)) | R49: =IF(OR($Q49="",NOT(ISNUMBER($J49))),"",WORKDAY.INTL($Q49,MAX(1,$J49)-1,'Project Info'!$H$12,Holidays!$A$6:$A$205)) | S49: =IF($Q49="","",IF(ISNUMBER($M49),$M49,WORKDAY.INTL(MAX($Q49,IF($D49="",0,N(IFERROR(IF($E49="SS",WORKDAY.INTL(INDEX($S$11:$S$310,MATCH($D49,$A$11:$A$310,0)),N($F49),'Project Info'!$H$12,Holidays!$A$6:$A$205),IF($E49="FF",WORKDAY.INTL(INDEX($T$11:$T$310,MATCH($D49,$A$11:$A$310,0)),N($F49)-MAX(1,IF(ISNUMBER($P49),$P49,N($J49)))+1,'Project Info'!$H$12,Holidays!$A$6:$A$205),WORKDAY.INTL(INDEX($T$11:$T$310,MATCH($D49,$A$11:$A$310,0)),1+N($F49),'Project Info'!$H$12,Holidays!$A$6:$A$205))),0))),IF($G49="",0,N(IFERROR(IF($H49="SS",WORKDAY.INTL(INDEX($S$11:$S$310,MATCH($G49,$A$11:$A$310,0)),N($I49),'Project Info'!$H$12,Holidays!$A$6:$A$205),IF($H49="FF",WORKDAY.INTL(INDEX($T$11:$T$310,MATCH($G49,$A$11:$A$310,0)),N($I49)-MAX(1,IF(ISNUMBER($P49),$P49,N($J49)))+1,'Project Info'!$H$12,Holidays!$A$6:$A$205),WORKDAY.INTL(INDEX($T$11:$T$310,MATCH($G49,$A$11:$A$310,0)),1+N($I49),'Project Info'!$H$12,Holidays!$A$6:$A$205))),0))),IF($AE49="Completed",0,N('Project Info'!$C$11)))-1,1,'Project Info'!$H$12,Holidays!$A$6:$A$205))) | T49: =IF(OR($S49="",$U49=""),"",IF(ISNUMBER($N49),$N49,WORKDAY.INTL($S49,$U49-1,'Project Info'!$H$12,Holidays!$A$6:$A$205))) | U49: =IF(OR($S49="",NOT(ISNUMBER($J49))),"",IF(ISNUMBER($N49),MAX(1,NETWORKDAYS.INTL($S49,$N49,'Project Info'!$H$12,Holidays!$A$6:$A$205)),MAX(1,IF(ISNUMBER($P49),$P49,$J49),IF(ISNUMBER($M49),NETWORKDAYS.INTL($M49,N('Project Info'!$C$11),'Project Info'!$H$12,Holidays!$A$6:$A$205),0)))) | V49: =IF($U49="","",$U49-MAX(1,$J49)) | W49: =IF($B49="","",IF($U49="","Enter Duration",IF($AE49="Completed",IF(NOT(ISNUMBER($N49)),"Completed - enter Actual End",IF($V49>0,"Completed - Overshoot",IF($V49<0,"Completed - Early","Completed - On Time"))),IF($AE49="On Hold","On Hold",IF($AE49="In Progress",IF($V49>0,"In Progress - Overshooting","In Progress - On Track"),IF($S49>$Q49,"Delayed Start","Not Started")))))) | X49: =IF(OR(NOT(ISNUMBER($R49)),NOT(ISNUMBER($T49))),"",IF($T49>=$R49,NETWORKDAYS.INTL($R49,$T49,'Project Info'!$H$12,Holidays!$A$6:$A$205)-1,-(NETWORKDAYS.INTL($T49,$R49,'Project Info'!$H$12,Holidays!$A$6:$A$205)-1))) | Y49: =IF($B49="","",IF(AND(MAX($AC49,$AD49)>0,N($S49)>N($Q49)),"Delayed by Task #"&IF($AC49>=$AD49,$D49,$G49)&" (+"&MAX($AC49,$AD49)&"d)","")) | Z49: =IF($B49="","",COUNTIF($D$11:$D$310,$A49)+COUNTIF($G$11:$G$310,$A49)) | AA49: =IF($B49="","",IF($AE49="Completed",1,IF($AE49="On Hold",4,IF($AE49="In Progress",2,IF(N($S49)>N($Q49),7,3))))) | AB49: =IF($B49="","",IF(OR(AND($D49<>"",ISNUMBER(MATCH($D49,$A$11:$A$310,0))),AND($G49<>"",ISNUMBER(MATCH($G49,$A$11:$A$310,0)))),1,0)) | AC49: =IF($D49="",0,N(IFERROR(INDEX($X$11:$X$310,MATCH($D49,$A$11:$A$310,0)),0))) -> 0 | AD49: =IF($G49="",0,N(IFERROR(INDEX($X$11:$X$310,MATCH($G49,$A$11:$A$310,0)),0))) -> 0 | AE49: =IF($B49="","",IF(ISNUMBER($N49),"Completed",IF($L49="Completed","Completed",IF($L49<>"",$L49,IF(ISNUMBER($M49),"In Progress","Not Started"))))) | AF49: =IF($B49="","",IF($AE49="Completed",1,MIN(1,N($O49)))) | AG49: =IF(OR($S49="",NOT(ISNUMBER($J49))),"",WORKDAY.INTL($S49,MAX(1,$J49)-1,'Project Info'!$H$12,Holidays!$A$6:$A$205)) | AH49: =IF($B49="","",N($J49)*$AF49) | AI49: =IF(ISNUMBER($R49),$R49,0) -> 0 | AJ49: =IF(ISNUMBER($T49),$T49,0) -> 0
A50: =IF($B50="","",ROW()-10) | Q50: =IF(OR($B50="",'Project Info'!$C$9=""),"",WORKDAY.INTL(MAX('Project Info'!$C$9,N($K50),IF($D50="",0,N(IFERROR(IF($E50="SS",WORKDAY.INTL(INDEX($Q$11:$Q$310,MATCH($D50,$A$11:$A$310,0)),N($F50),'Project Info'!$H$12,Holidays!$A$6:$A$205),IF($E50="FF",WORKDAY.INTL(INDEX($R$11:$R$310,MATCH($D50,$A$11:$A$310,0)),N($F50)-MAX(1,N($J50))+1,'Project Info'!$H$12,Holidays!$A$6:$A$205),WORKDAY.INTL(INDEX($R$11:$R$310,MATCH($D50,$A$11:$A$310,0)),1+N($F50),'Project Info'!$H$12,Holidays!$A$6:$A$205))),0))),IF($G50="",0,N(IFERROR(IF($H50="SS",WORKDAY.INTL(INDEX($Q$11:$Q$310,MATCH($G50,$A$11:$A$310,0)),N($I50),'Project Info'!$H$12,Holidays!$A$6:$A$205),IF($H50="FF",WORKDAY.INTL(INDEX($R$11:$R$310,MATCH($G50,$A$11:$A$310,0)),N($I50)-MAX(1,N($J50))+1,'Project Info'!$H$12,Holidays!$A$6:$A$205),WORKDAY.INTL(INDEX($R$11:$R$310,MATCH($G50,$A$11:$A$310,0)),1+N($I50),'Project Info'!$H$12,Holidays!$A$6:$A$205))),0))))-1,1,'Project Info'!$H$12,Holidays!$A$6:$A$205)) | R50: =IF(OR($Q50="",NOT(ISNUMBER($J50))),"",WORKDAY.INTL($Q50,MAX(1,$J50)-1,'Project Info'!$H$12,Holidays!$A$6:$A$205)) | S50: =IF($Q50="","",IF(ISNUMBER($M50),$M50,WORKDAY.INTL(MAX($Q50,IF($D50="",0,N(IFERROR(IF($E50="SS",WORKDAY.INTL(INDEX($S$11:$S$310,MATCH($D50,$A$11:$A$310,0)),N($F50),'Project Info'!$H$12,Holidays!$A$6:$A$205),IF($E50="FF",WORKDAY.INTL(INDEX($T$11:$T$310,MATCH($D50,$A$11:$A$310,0)),N($F50)-MAX(1,IF(ISNUMBER($P50),$P50,N($J50)))+1,'Project Info'!$H$12,Holidays!$A$6:$A$205),WORKDAY.INTL(INDEX($T$11:$T$310,MATCH($D50,$A$11:$A$310,0)),1+N($F50),'Project Info'!$H$12,Holidays!$A$6:$A$205))),0))),IF($G50="",0,N(IFERROR(IF($H50="SS",WORKDAY.INTL(INDEX($S$11:$S$310,MATCH($G50,$A$11:$A$310,0)),N($I50),'Project Info'!$H$12,Holidays!$A$6:$A$205),IF($H50="FF",WORKDAY.INTL(INDEX($T$11:$T$310,MATCH($G50,$A$11:$A$310,0)),N($I50)-MAX(1,IF(ISNUMBER($P50),$P50,N($J50)))+1,'Project Info'!$H$12,Holidays!$A$6:$A$205),WORKDAY.INTL(INDEX($T$11:$T$310,MATCH($G50,$A$11:$A$310,0)),1+N($I50),'Project Info'!$H$12,Holidays!$A$6:$A$205))),0))),IF($AE50="Completed",0,N('Project Info'!$C$11)))-1,1,'Project Info'!$H$12,Holidays!$A$6:$A$205))) | T50: =IF(OR($S50="",$U50=""),"",IF(ISNUMBER($N50),$N50,WORKDAY.INTL($S50,$U50-1,'Project Info'!$H$12,Holidays!$A$6:$A$205))) | U50: =IF(OR($S50="",NOT(ISNUMBER($J50))),"",IF(ISNUMBER($N50),MAX(1,NETWORKDAYS.INTL($S50,$N50,'Project Info'!$H$12,Holidays!$A$6:$A$205)),MAX(1,IF(ISNUMBER($P50),$P50,$J50),IF(ISNUMBER($M50),NETWORKDAYS.INTL($M50,N('Project Info'!$C$11),'Project Info'!$H$12,Holidays!$A$6:$A$205),0)))) | V50: =IF($U50="","",$U50-MAX(1,$J50)) | W50: =IF($B50="","",IF($U50="","Enter Duration",IF($AE50="Completed",IF(NOT(ISNUMBER($N50)),"Completed - enter Actual End",IF($V50>0,"Completed - Overshoot",IF($V50<0,"Completed - Early","Completed - On Time"))),IF($AE50="On Hold","On Hold",IF($AE50="In Progress",IF($V50>0,"In Progress - Overshooting","In Progress - On Track"),IF($S50>$Q50,"Delayed Start","Not Started")))))) | X50: =IF(OR(NOT(ISNUMBER($R50)),NOT(ISNUMBER($T50))),"",IF($T50>=$R50,NETWORKDAYS.INTL($R50,$T50,'Project Info'!$H$12,Holidays!$A$6:$A$205)-1,-(NETWORKDAYS.INTL($T50,$R50,'Project Info'!$H$12,Holidays!$A$6:$A$205)-1))) | Y50: =IF($B50="","",IF(AND(MAX($AC50,$AD50)>0,N($S50)>N($Q50)),"Delayed by Task #"&IF($AC50>=$AD50,$D50,$G50)&" (+"&MAX($AC50,$AD50)&"d)","")) | Z50: =IF($B50="","",COUNTIF($D$11:$D$310,$A50)+COUNTIF($G$11:$G$310,$A50)) | AA50: =IF($B50="","",IF($AE50="Completed",1,IF($AE50="On Hold",4,IF($AE50="In Progress",2,IF(N($S50)>N($Q50),7,3))))) | AB50: =IF($B50="","",IF(OR(AND($D50<>"",ISNUMBER(MATCH($D50,$A$11:$A$310,0))),AND($G50<>"",ISNUMBER(MATCH($G50,$A$11:$A$310,0)))),1,0)) | AC50: =IF($D50="",0,N(IFERROR(INDEX($X$11:$X$310,MATCH($D50,$A$11:$A$310,0)),0))) -> 0 | AD50: =IF($G50="",0,N(IFERROR(INDEX($X$11:$X$310,MATCH($G50,$A$11:$A$310,0)),0))) -> 0 | AE50: =IF($B50="","",IF(ISNUMBER($N50),"Completed",IF($L50="Completed","Completed",IF($L50<>"",$L50,IF(ISNUMBER($M50),"In Progress","Not Started"))))) | AF50: =IF($B50="","",IF($AE50="Completed",1,MIN(1,N($O50)))) | AG50: =IF(OR($S50="",NOT(ISNUMBER($J50))),"",WORKDAY.INTL($S50,MAX(1,$J50)-1,'Project Info'!$H$12,Holidays!$A$6:$A$205)) | AH50: =IF($B50="","",N($J50)*$AF50) | AI50: =IF(ISNUMBER($R50),$R50,0) -> 0 | AJ50: =IF(ISNUMBER($T50),$T50,0) -> 0
A51: =IF($B51="","",ROW()-10) | Q51: =IF(OR($B51="",'Project Info'!$C$9=""),"",WORKDAY.INTL(MAX('Project Info'!$C$9,N($K51),IF($D51="",0,N(IFERROR(IF($E51="SS",WORKDAY.INTL(INDEX($Q$11:$Q$310,MATCH($D51,$A$11:$A$310,0)),N($F51),'Project Info'!$H$12,Holidays!$A$6:$A$205),IF($E51="FF",WORKDAY.INTL(INDEX($R$11:$R$310,MATCH($D51,$A$11:$A$310,0)),N($F51)-MAX(1,N($J51))+1,'Project Info'!$H$12,Holidays!$A$6:$A$205),WORKDAY.INTL(INDEX($R$11:$R$310,MATCH($D51,$A$11:$A$310,0)),1+N($F51),'Project Info'!$H$12,Holidays!$A$6:$A$205))),0))),IF($G51="",0,N(IFERROR(IF($H51="SS",WORKDAY.INTL(INDEX($Q$11:$Q$310,MATCH($G51,$A$11:$A$310,0)),N($I51),'Project Info'!$H$12,Holidays!$A$6:$A$205),IF($H51="FF",WORKDAY.INTL(INDEX($R$11:$R$310,MATCH($G51,$A$11:$A$310,0)),N($I51)-MAX(1,N($J51))+1,'Project Info'!$H$12,Holidays!$A$6:$A$205),WORKDAY.INTL(INDEX($R$11:$R$310,MATCH($G51,$A$11:$A$310,0)),1+N($I51),'Project Info'!$H$12,Holidays!$A$6:$A$205))),0))))-1,1,'Project Info'!$H$12,Holidays!$A$6:$A$205)) | R51: =IF(OR($Q51="",NOT(ISNUMBER($J51))),"",WORKDAY.INTL($Q51,MAX(1,$J51)-1,'Project Info'!$H$12,Holidays!$A$6:$A$205)) | S51: =IF($Q51="","",IF(ISNUMBER($M51),$M51,WORKDAY.INTL(MAX($Q51,IF($D51="",0,N(IFERROR(IF($E51="SS",WORKDAY.INTL(INDEX($S$11:$S$310,MATCH($D51,$A$11:$A$310,0)),N($F51),'Project Info'!$H$12,Holidays!$A$6:$A$205),IF($E51="FF",WORKDAY.INTL(INDEX($T$11:$T$310,MATCH($D51,$A$11:$A$310,0)),N($F51)-MAX(1,IF(ISNUMBER($P51),$P51,N($J51)))+1,'Project Info'!$H$12,Holidays!$A$6:$A$205),WORKDAY.INTL(INDEX($T$11:$T$310,MATCH($D51,$A$11:$A$310,0)),1+N($F51),'Project Info'!$H$12,Holidays!$A$6:$A$205))),0))),IF($G51="",0,N(IFERROR(IF($H51="SS",WORKDAY.INTL(INDEX($S$11:$S$310,MATCH($G51,$A$11:$A$310,0)),N($I51),'Project Info'!$H$12,Holidays!$A$6:$A$205),IF($H51="FF",WORKDAY.INTL(INDEX($T$11:$T$310,MATCH($G51,$A$11:$A$310,0)),N($I51)-MAX(1,IF(ISNUMBER($P51),$P51,N($J51)))+1,'Project Info'!$H$12,Holidays!$A$6:$A$205),WORKDAY.INTL(INDEX($T$11:$T$310,MATCH($G51,$A$11:$A$310,0)),1+N($I51),'Project Info'!$H$12,Holidays!$A$6:$A$205))),0))),IF($AE51="Completed",0,N('Project Info'!$C$11)))-1,1,'Project Info'!$H$12,Holidays!$A$6:$A$205))) | T51: =IF(OR($S51="",$U51=""),"",IF(ISNUMBER($N51),$N51,WORKDAY.INTL($S51,$U51-1,'Project Info'!$H$12,Holidays!$A$6:$A$205))) | U51: =IF(OR($S51="",NOT(ISNUMBER($J51))),"",IF(ISNUMBER($N51),MAX(1,NETWORKDAYS.INTL($S51,$N51,'Project Info'!$H$12,Holidays!$A$6:$A$205)),MAX(1,IF(ISNUMBER($P51),$P51,$J51),IF(ISNUMBER($M51),NETWORKDAYS.INTL($M51,N('Project Info'!$C$11),'Project Info'!$H$12,Holidays!$A$6:$A$205),0)))) | V51: =IF($U51="","",$U51-MAX(1,$J51)) | W51: =IF($B51="","",IF($U51="","Enter Duration",IF($AE51="Completed",IF(NOT(ISNUMBER($N51)),"Completed - enter Actual End",IF($V51>0,"Completed - Overshoot",IF($V51<0,"Completed - Early","Completed - On Time"))),IF($AE51="On Hold","On Hold",IF($AE51="In Progress",IF($V51>0,"In Progress - Overshooting","In Progress - On Track"),IF($S51>$Q51,"Delayed Start","Not Started")))))) | X51: =IF(OR(NOT(ISNUMBER($R51)),NOT(ISNUMBER($T51))),"",IF($T51>=$R51,NETWORKDAYS.INTL($R51,$T51,'Project Info'!$H$12,Holidays!$A$6:$A$205)-1,-(NETWORKDAYS.INTL($T51,$R51,'Project Info'!$H$12,Holidays!$A$6:$A$205)-1))) | Y51: =IF($B51="","",IF(AND(MAX($AC51,$AD51)>0,N($S51)>N($Q51)),"Delayed by Task #"&IF($AC51>=$AD51,$D51,$G51)&" (+"&MAX($AC51,$AD51)&"d)","")) | Z51: =IF($B51="","",COUNTIF($D$11:$D$310,$A51)+COUNTIF($G$11:$G$310,$A51)) | AA51: =IF($B51="","",IF($AE51="Completed",1,IF($AE51="On Hold",4,IF($AE51="In Progress",2,IF(N($S51)>N($Q51),7,3))))) | AB51: =IF($B51="","",IF(OR(AND($D51<>"",ISNUMBER(MATCH($D51,$A$11:$A$310,0))),AND($G51<>"",ISNUMBER(MATCH($G51,$A$11:$A$310,0)))),1,0)) | AC51: =IF($D51="",0,N(IFERROR(INDEX($X$11:$X$310,MATCH($D51,$A$11:$A$310,0)),0))) -> 0 | AD51: =IF($G51="",0,N(IFERROR(INDEX($X$11:$X$310,MATCH($G51,$A$11:$A$310,0)),0))) -> 0 | AE51: =IF($B51="","",IF(ISNUMBER($N51),"Completed",IF($L51="Completed","Completed",IF($L51<>"",$L51,IF(ISNUMBER($M51),"In Progress","Not Started"))))) | AF51: =IF($B51="","",IF($AE51="Completed",1,MIN(1,N($O51)))) | AG51: =IF(OR($S51="",NOT(ISNUMBER($J51))),"",WORKDAY.INTL($S51,MAX(1,$J51)-1,'Project Info'!$H$12,Holidays!$A$6:$A$205)) | AH51: =IF($B51="","",N($J51)*$AF51) | AI51: =IF(ISNUMBER($R51),$R51,0) -> 0 | AJ51: =IF(ISNUMBER($T51),$T51,0) -> 0
A52: =IF($B52="","",ROW()-10) | Q52: =IF(OR($B52="",'Project Info'!$C$9=""),"",WORKDAY.INTL(MAX('Project Info'!$C$9,N($K52),IF($D52="",0,N(IFERROR(IF($E52="SS",WORKDAY.INTL(INDEX($Q$11:$Q$310,MATCH($D52,$A$11:$A$310,0)),N($F52),'Project Info'!$H$12,Holidays!$A$6:$A$205),IF($E52="FF",WORKDAY.INTL(INDEX($R$11:$R$310,MATCH($D52,$A$11:$A$310,0)),N($F52)-MAX(1,N($J52))+1,'Project Info'!$H$12,Holidays!$A$6:$A$205),WORKDAY.INTL(INDEX($R$11:$R$310,MATCH($D52,$A$11:$A$310,0)),1+N($F52),'Project Info'!$H$12,Holidays!$A$6:$A$205))),0))),IF($G52="",0,N(IFERROR(IF($H52="SS",WORKDAY.INTL(INDEX($Q$11:$Q$310,MATCH($G52,$A$11:$A$310,0)),N($I52),'Project Info'!$H$12,Holidays!$A$6:$A$205),IF($H52="FF",WORKDAY.INTL(INDEX($R$11:$R$310,MATCH($G52,$A$11:$A$310,0)),N($I52)-MAX(1,N($J52))+1,'Project Info'!$H$12,Holidays!$A$6:$A$205),WORKDAY.INTL(INDEX($R$11:$R$310,MATCH($G52,$A$11:$A$310,0)),1+N($I52),'Project Info'!$H$12,Holidays!$A$6:$A$205))),0))))-1,1,'Project Info'!$H$12,Holidays!$A$6:$A$205)) | R52: =IF(OR($Q52="",NOT(ISNUMBER($J52))),"",WORKDAY.INTL($Q52,MAX(1,$J52)-1,'Project Info'!$H$12,Holidays!$A$6:$A$205)) | S52: =IF($Q52="","",IF(ISNUMBER($M52),$M52,WORKDAY.INTL(MAX($Q52,IF($D52="",0,N(IFERROR(IF($E52="SS",WORKDAY.INTL(INDEX($S$11:$S$310,MATCH($D52,$A$11:$A$310,0)),N($F52),'Project Info'!$H$12,Holidays!$A$6:$A$205),IF($E52="FF",WORKDAY.INTL(INDEX($T$11:$T$310,MATCH($D52,$A$11:$A$310,0)),N($F52)-MAX(1,IF(ISNUMBER($P52),$P52,N($J52)))+1,'Project Info'!$H$12,Holidays!$A$6:$A$205),WORKDAY.INTL(INDEX($T$11:$T$310,MATCH($D52,$A$11:$A$310,0)),1+N($F52),'Project Info'!$H$12,Holidays!$A$6:$A$205))),0))),IF($G52="",0,N(IFERROR(IF($H52="SS",WORKDAY.INTL(INDEX($S$11:$S$310,MATCH($G52,$A$11:$A$310,0)),N($I52),'Project Info'!$H$12,Holidays!$A$6:$A$205),IF($H52="FF",WORKDAY.INTL(INDEX($T$11:$T$310,MATCH($G52,$A$11:$A$310,0)),N($I52)-MAX(1,IF(ISNUMBER($P52),$P52,N($J52)))+1,'Project Info'!$H$12,Holidays!$A$6:$A$205),WORKDAY.INTL(INDEX($T$11:$T$310,MATCH($G52,$A$11:$A$310,0)),1+N($I52),'Project Info'!$H$12,Holidays!$A$6:$A$205))),0))),IF($AE52="Completed",0,N('Project Info'!$C$11)))-1,1,'Project Info'!$H$12,Holidays!$A$6:$A$205))) | T52: =IF(OR($S52="",$U52=""),"",IF(ISNUMBER($N52),$N52,WORKDAY.INTL($S52,$U52-1,'Project Info'!$H$12,Holidays!$A$6:$A$205))) | U52: =IF(OR($S52="",NOT(ISNUMBER($J52))),"",IF(ISNUMBER($N52),MAX(1,NETWORKDAYS.INTL($S52,$N52,'Project Info'!$H$12,Holidays!$A$6:$A$205)),MAX(1,IF(ISNUMBER($P52),$P52,$J52),IF(ISNUMBER($M52),NETWORKDAYS.INTL($M52,N('Project Info'!$C$11),'Project Info'!$H$12,Holidays!$A$6:$A$205),0)))) | V52: =IF($U52="","",$U52-MAX(1,$J52)) | W52: =IF($B52="","",IF($U52="","Enter Duration",IF($AE52="Completed",IF(NOT(ISNUMBER($N52)),"Completed - enter Actual End",IF($V52>0,"Completed - Overshoot",IF($V52<0,"Completed - Early","Completed - On Time"))),IF($AE52="On Hold","On Hold",IF($AE52="In Progress",IF($V52>0,"In Progress - Overshooting","In Progress - On Track"),IF($S52>$Q52,"Delayed Start","Not Started")))))) | X52: =IF(OR(NOT(ISNUMBER($R52)),NOT(ISNUMBER($T52))),"",IF($T52>=$R52,NETWORKDAYS.INTL($R52,$T52,'Project Info'!$H$12,Holidays!$A$6:$A$205)-1,-(NETWORKDAYS.INTL($T52,$R52,'Project Info'!$H$12,Holidays!$A$6:$A$205)-1))) | Y52: =IF($B52="","",IF(AND(MAX($AC52,$AD52)>0,N($S52)>N($Q52)),"Delayed by Task #"&IF($AC52>=$AD52,$D52,$G52)&" (+"&MAX($AC52,$AD52)&"d)","")) | Z52: =IF($B52="","",COUNTIF($D$11:$D$310,$A52)+COUNTIF($G$11:$G$310,$A52)) | AA52: =IF($B52="","",IF($AE52="Completed",1,IF($AE52="On Hold",4,IF($AE52="In Progress",2,IF(N($S52)>N($Q52),7,3))))) | AB52: =IF($B52="","",IF(OR(AND($D52<>"",ISNUMBER(MATCH($D52,$A$11:$A$310,0))),AND($G52<>"",ISNUMBER(MATCH($G52,$A$11:$A$310,0)))),1,0)) | AC52: =IF($D52="",0,N(IFERROR(INDEX($X$11:$X$310,MATCH($D52,$A$11:$A$310,0)),0))) -> 0 | AD52: =IF($G52="",0,N(IFERROR(INDEX($X$11:$X$310,MATCH($G52,$A$11:$A$310,0)),0))) -> 0 | AE52: =IF($B52="","",IF(ISNUMBER($N52),"Completed",IF($L52="Completed","Completed",IF($L52<>"",$L52,IF(ISNUMBER($M52),"In Progress","Not Started"))))) | AF52: =IF($B52="","",IF($AE52="Completed",1,MIN(1,N($O52)))) | AG52: =IF(OR($S52="",NOT(ISNUMBER($J52))),"",WORKDAY.INTL($S52,MAX(1,$J52)-1,'Project Info'!$H$12,Holidays!$A$6:$A$205)) | AH52: =IF($B52="","",N($J52)*$AF52) | AI52: =IF(ISNUMBER($R52),$R52,0) -> 0 | AJ52: =IF(ISNUMBER($T52),$T52,0) -> 0
